,Length,u'1,u'2,u'3
Seq001,33,0.42909196,0.377453566,0.193454504
Seq002,28,0.401398838,0.366772681,0.231828526
Seq003,37,0.403634757,0.40528211,0.191083103
Seq004,25,0.372755885,0.354376912,0.272867203
Seq005,46,0.500425816,0.350289613,0.149284586
Seq006,47,0.393964976,0.365319073,0.24071601
Seq007,20,0.253115922,0.431336939,0.315547198
Seq008,26,0.529603422,0.281787544,0.188609004
Seq009,23,0.325899959,0.361538708,0.312561274
Seq010,29,0.39620319,0.354871929,0.248924926
Seq011,64,0.380621463,0.42247352,0.196905047
Seq012,20,0.351343721,0.378704727,0.269951522
Seq013,22,0.309321582,0.366114855,0.324563622
Seq014,61,0.413126409,0.383812219,0.203061387
Seq015,24,0.410416782,0.350272089,0.239311144
Seq016,13,0.320406586,0.373308241,0.306285143
Seq017,44,0.434220523,0.397052675,0.168726802
Seq018,20,0.384856313,0.40941903,0.205724597
Seq019,88,0.513498187,0.292750001,0.193751842
Seq020,25,0.35341841,0.383737415,0.262844175
Seq021,21,0.322469801,0.420619905,0.256910324
Seq022,45,0.519785762,0.368347257,0.111867048
Seq023,97,0.473813802,0.393304229,0.132882014
Seq024,71,0.680360198,0.307301342,0.012338449
Seq025,16,0.321022809,0.372733593,0.306243539
Seq026,29,0.359071553,0.384575218,0.25635317
Seq027,96,0.467015743,0.275117904,0.257866353
Seq028,38,0.425112188,0.342715621,0.232172176
Seq029,18,0.332469374,0.440758705,0.226771861
Seq030,37,0.38515377,0.351155132,0.263691127
Seq031,17,0.296600163,0.429205388,0.274194479
Seq032,28,0.332458347,0.341842234,0.325699419
Seq033,50,0.420931399,0.507486105,0.071582556
Seq034,18,0.380980611,0.413560033,0.205459297
Seq035,93,0.615716577,0.314686865,0.069596477
Seq036,19,0.330486923,0.34164837,0.327864707
Seq037,33,0.433237046,0.35118562,0.215577245
Seq038,24,0.401399314,0.342090249,0.256510496
Seq039,14,0.369382858,0.353351742,0.2772654
Seq040,20,0.333591074,0.476438731,0.189970225
Seq041,17,0.358131438,0.344281584,0.297586977
Seq042,33,0.389853507,0.369816929,0.240329564
Seq043,14,0.294662565,0.379940599,0.325396895
Seq044,13,0.23026967,0.375210702,0.394519687
Seq045,28,0.392748386,0.348214537,0.259037077
Seq046,40,0.352323622,0.439404488,0.208271846
Seq047,41,0.410956889,0.29711473,0.29192847
Seq048,43,0.378628582,0.346062958,0.27530843
Seq049,24,0.395413727,0.341493964,0.263092339
Seq050,102,0.476605296,0.355213374,0.168181345
Seq051,27,0.283421338,0.436903208,0.279675484
Seq052,15,0.196966767,0.475831687,0.327201545
Seq053,82,0.490086466,0.368698955,0.141214624
Seq054,23,0.335477501,0.305603743,0.358918756
Seq055,17,0.333193392,0.408634692,0.258171976
Seq056,77,0.486437619,0.469569087,0.043993276
Seq057,28,0.41503641,0.351476878,0.233486757
Seq058,26,0.363998413,0.338628054,0.297373503
Seq059,25,0.331442177,0.413198739,0.255359083
Seq060,30,0.311399758,0.410544783,0.278055459
Seq061,21,0.299120486,0.415521413,0.285358042
Seq062,33,0.289128065,0.363397658,0.347474337
Seq063,47,0.610180855,0.272245526,0.117573649
Seq064,24,0.378821641,0.360065311,0.261113077
Seq065,25,0.382087767,0.36054042,0.257371813
Seq066,12,0.294940203,0.423668534,0.281391233
Seq067,63,0.45457679,0.405191422,0.140231818
Seq068,107,0.52873534,0.338990211,0.132274508
Seq069,32,0.410542727,0.387390256,0.202067003
Seq070,37,0.418467432,0.369415462,0.21211718
Seq071,18,0.338539779,0.367215037,0.294245213
Seq072,25,0.301254272,0.359425217,0.339320451
Seq073,20,0.315271437,0.442011446,0.242717117
Seq074,24,0.405700743,0.377177745,0.217121467
Seq075,29,0.300886124,0.379931629,0.319182217
Seq076,27,0.352847159,0.411832899,0.235319868
Seq077,25,0.344803751,0.379068136,0.276128113
Seq078,15,0.329927117,0.389614224,0.280458659
Seq079,21,0.416967243,0.400196224,0.182836533
Seq080,13,0.25307551,0.368411928,0.378512502
Seq081,38,0.385931045,0.371695518,0.242373422
Seq082,24,0.407947958,0.34679392,0.245258033
Seq083,32,0.409946769,0.370186388,0.219866872
Seq084,47,0.326337487,0.353518486,0.320144117
Seq085,30,0.351102501,0.383833528,0.265063912
Seq086,106,0.441927612,0.343474716,0.214597628
Seq087,53,0.377870768,0.355264068,0.266865164
Seq088,19,0.279712439,0.433318436,0.286969185
Seq089,69,0.430372894,0.356914252,0.212712824
Seq090,22,0.304495841,0.423681676,0.271822512
Seq091,24,0.366885096,0.369261205,0.263853669
Seq092,44,0.407644212,0.204387635,0.387968093
Seq093,23,0.372714847,0.384914666,0.242370471
Seq094,13,0.300750464,0.432979286,0.26627025
Seq095,21,0.401324362,0.365230501,0.233445108
Seq096,13,0.344395965,0.351433843,0.304170161
Seq097,37,0.467331201,0.345221907,0.187446907
Seq098,29,0.384623021,0.399187684,0.21618934
Seq099,34,0.751748741,0.237353683,0.010897554
Seq100,30,0.328723639,0.385468572,0.285807759
Seq101,13,0.340918273,0.372000754,0.287080944
Seq102,21,0.225127608,0.460503936,0.314368367
Seq103,58,0.390403837,0.441581994,0.168014184
Seq104,17,0.187263086,0.122572787,0.690164089
Seq105,38,0.23555243,0.471839964,0.292607576
Seq106,117,0.560803056,0.384450018,0.054746922
Seq107,12,0.31042099,0.393180668,0.296398342
Seq108,31,0.357655317,0.372317433,0.27002731
Seq109,25,0.407708615,0.392849773,0.199441686
Seq110,24,0.297309071,0.382564157,0.320126861
Seq111,18,0.310563505,0.391963482,0.297472984
Seq112,21,0.384345561,0.396351963,0.219302446
Seq113,12,0.408043385,0.398017168,0.193939418
Seq114,55,0.45464915,0.281071067,0.264279753
Seq115,37,0.376440108,0.323858351,0.299701512
Seq116,22,0.401480377,0.370557517,0.227962077
Seq117,27,0.406049639,0.369771987,0.224178344
Seq118,40,0.879972756,0.108362563,0.011664628
Seq119,26,0.41273883,0.386887789,0.200373337
Seq120,32,0.334314674,0.404708594,0.260976732
Seq121,37,0.440789342,0.360610545,0.198600128
Seq122,13,0.233538166,0.464808375,0.301653445
Seq123,29,0.339791447,0.391868204,0.268340439
Seq124,66,0.399123996,0.364269644,0.236606345
Seq125,14,0.301588207,0.373196572,0.32521522
Seq126,39,0.564748883,0.336165637,0.099085465
Seq127,88,0.677316427,0.31646806,0.006215511
Seq128,21,0.378207386,0.37449494,0.247297689
Seq129,20,0.424450248,0.367985219,0.207564548
Seq130,22,0.409144878,0.368669599,0.222185582
Seq131,19,0.339844316,0.44364807,0.216507539
Seq132,13,0.319521844,0.398931772,0.281546414
Seq133,37,0.42359224,0.352827072,0.223580703
Seq134,39,0.359227628,0.400095016,0.240677431
Seq135,19,0.337174088,0.358004004,0.304821908
Seq136,102,0.540688992,0.347015738,0.112295263
Seq137,24,0.40176934,0.341291308,0.256939322
Seq138,37,0.566727996,0.258714467,0.174557507
Seq139,24,0.407582313,0.340016484,0.252401143
Seq140,30,0.399709105,0.34317252,0.257118344
Seq141,13,0.252384394,0.388718873,0.358896703
Seq142,32,0.381340384,0.43748793,0.181171671
Seq143,14,0.301300824,0.35127297,0.347426176
Seq144,32,0.396617472,0.308891028,0.29449147
Seq145,27,0.302265406,0.432645291,0.265089303
Seq146,43,0.42459476,0.310185283,0.265219986
Seq147,48,0.376128465,0.54717952,0.076692104
Seq148,25,0.372602463,0.417711675,0.209685877
Seq149,25,0.370391041,0.346282363,0.283326566
Seq150,14,0.222468242,0.497050673,0.28048104
Seq151,64,0.41071704,0.428303838,0.160979137
Seq152,66,0.432642013,0.444342077,0.123015955
Seq153,18,0.340772659,0.364347547,0.294879824
Seq154,16,0.302289367,0.409053057,0.288657606
Seq155,30,0.328448325,0.396508694,0.275042951
Seq156,22,0.24773322,0.405548096,0.346718699
Seq157,25,0.373368263,0.331156492,0.295475304
Seq158,30,0.470379144,0.414548218,0.115072705
Seq159,25,0.323280096,0.35311383,0.323606074
Seq160,23,0.326224923,0.373654634,0.300120443
Seq161,46,0.402923822,0.403734267,0.193341851
Seq162,17,0.336577475,0.343181103,0.320241332
Seq163,24,0.402371109,0.350895464,0.246733397
Seq164,66,0.552519083,0.228832334,0.218648598
Seq165,46,0.470108569,0.376268625,0.153622866
Seq166,31,0.437393218,0.342650384,0.219956368
Seq167,23,0.186161608,0.423036009,0.390802324
Seq168,17,0.299740851,0.279279202,0.420979947
Seq169,25,0.279320031,0.462693125,0.257986903
Seq170,62,0.396019757,0.36301136,0.240968868
Seq171,17,0.328113616,0.370362848,0.301523507
Seq172,55,0.449244171,0.348874897,0.201880932
Seq173,42,0.716425419,0.192283124,0.09129148
Seq174,33,0.419857234,0.341796964,0.238345787
Seq175,126,0.579247594,0.37716046,0.043591958
Seq176,29,0.378764898,0.395061165,0.226173908
Seq177,16,0.150089189,0.228443429,0.621467352
Seq178,35,0.393783003,0.391040415,0.215176657
Seq179,15,0.259908646,0.410065413,0.330025941
Seq180,16,0.328802526,0.121592335,0.549605131
Seq181,34,0.385562569,0.376180977,0.23825644
Seq182,31,0.40036127,0.35838598,0.241252676
Seq183,34,0.272814304,0.152368516,0.574817181
Seq184,28,0.41579023,0.358131528,0.226078257
Seq185,13,0.33826068,0.332303166,0.329436094
Seq186,43,0.407268703,0.370666951,0.222064331
Seq187,21,0.38141942,0.397566766,0.221013799
Seq188,14,0.285514742,0.385166675,0.329318613
Seq189,29,0.419706851,0.363306314,0.21698682
Seq190,13,0.380225539,0.170748413,0.449026078
Seq191,19,0.309984505,0.344875962,0.345139474
Seq192,20,0.372326016,0.354736626,0.272937298
Seq193,25,0.258212388,0.500568449,0.241219118
Seq194,127,0.495787889,0.385999352,0.118212819
Seq195,34,0.30753535,0.466715336,0.225749314
Seq196,25,0.306266487,0.389558733,0.30417484
Seq197,16,0.290723145,0.463754833,0.245522052
Seq198,29,0.369981229,0.374403208,0.255615592
Seq199,18,0.408588737,0.477006406,0.114404835
Seq200,31,0.349902838,0.375540674,0.274556488
Seq201,12,0.216631144,0.407565922,0.375802994
Seq202,23,0.350232303,0.425336897,0.224430889
Seq203,16,0.319924206,0.42973274,0.250343025
Seq204,24,0.421047896,0.3448506,0.234101504
Seq205,19,0.353260249,0.385403365,0.261336356
Seq206,30,0.33951211,0.340948552,0.319539398
Seq207,79,0.437781721,0.34848991,0.213728338
Seq208,33,0.445452809,0.358612627,0.195934534
Seq209,13,0.34524861,0.374550283,0.280201107
Seq210,148,0.621047437,0.378316581,0.000636008
Seq211,24,0.397593856,0.334323168,0.268082917
Seq212,62,0.361765027,0.069665074,0.568569958
Seq213,34,0.48037523,0.446142107,0.0734827
Seq214,83,0.54109323,0.421953112,0.036953654
Seq215,34,0.388904333,0.450301647,0.160793975
Seq216,16,0.24491635,0.313833207,0.441250443
Seq217,37,0.480320752,0.399343103,0.120336123
Seq218,28,0.385332406,0.359195501,0.255472064
Seq219,42,0.429471523,0.331033051,0.239495367
Seq220,12,0.336218506,0.416378498,0.247402921
Seq221,20,0.339984596,0.405238003,0.254777521
Seq222,17,0.222216398,0.425310671,0.352472961
Seq223,60,0.396871388,0.472356111,0.130772486
Seq224,19,0.364922702,0.390838921,0.244238332
Seq225,81,0.47625199,0.43306464,0.090683416
Seq226,14,0.265680373,0.441119879,0.293199807
Seq227,33,0.415084094,0.378572136,0.20634374
Seq228,13,0.239751786,0.423653215,0.336595029
Seq229,22,0.330417186,0.451495439,0.218087405
Seq230,32,0.257590085,0.426452756,0.315957129
Seq231,43,0.450094521,0.433637589,0.116267882
Seq232,28,0.412201703,0.388661265,0.199136972
Seq233,17,0.329413295,0.410568088,0.260018617
Seq234,38,0.285209954,0.382469743,0.332320243
Seq235,53,0.498937666,0.369343013,0.131719321
Seq236,33,0.387449443,0.417912662,0.19463788
Seq237,43,0.383183926,0.432593495,0.184222564
Seq238,41,0.334024012,0.457769126,0.208206907
Seq239,44,0.421131551,0.359919071,0.218949318
Seq240,16,0.341186941,0.377135873,0.281677246
Seq241,27,0.401623607,0.378171653,0.220204681
Seq242,22,0.394694686,0.37432611,0.230979189
Seq243,14,0.241065085,0.379118502,0.379816413
Seq244,33,0.443968683,0.418018311,0.13801299
Seq245,13,0.320948452,0.27856338,0.400488138
Seq246,74,0.454297543,0.389305323,0.156397074
Seq247,28,0.334118098,0.367926568,0.297955364
Seq248,14,0.251324743,0.294903755,0.453771561
Seq249,23,0.325491518,0.358079791,0.316428661
Seq250,50,0.424258083,0.353572488,0.222169444
Seq251,20,0.380594015,0.340390891,0.279015094
Seq252,38,0.303595185,0.418700933,0.277703822
Seq253,20,0.309936047,0.410128921,0.279935032
Seq254,19,0.265894383,0.442351639,0.291753888
Seq255,24,0.406351656,0.365828753,0.227819622
Seq256,88,0.422236323,0.2956267,0.282136947
Seq257,30,0.421275347,0.367439896,0.211284727
Seq258,21,0.309873313,0.39754203,0.292584717
Seq259,13,0.238241628,0.42493844,0.336819857
Seq260,13,0.304971457,0.363328606,0.331699967
Seq261,86,0.756161273,0.239260122,0.004578575
Seq262,21,0.32041356,0.38890335,0.290683061
Seq263,31,0.354461491,0.375477403,0.270061135
Seq264,41,0.775358617,0.138485879,0.086155519
Seq265,21,0.337407351,0.389584064,0.273008645
Seq266,37,0.44502914,0.33867836,0.216292486
Seq267,29,0.337379158,0.378458411,0.284162372
Seq268,33,0.34425053,0.411552489,0.244196951
Seq269,33,0.39084205,0.369157732,0.240000188
Seq270,119,0.445558995,0.362808824,0.191632196
Seq271,71,0.462432921,0.346889257,0.190677837
Seq272,46,0.405489653,0.331519246,0.262991041
Seq273,38,0.375374109,0.365629911,0.25899604
Seq274,44,0.323429257,0.302643657,0.373927146
Seq275,16,0.284571946,0.351275504,0.364152551
Seq276,12,0.305139571,0.362030715,0.332829654
Seq277,13,0.264614224,0.394612968,0.340772778
Seq278,22,0.351034909,0.355956972,0.293008119
Seq279,20,0.373419404,0.308116645,0.318463951
Seq280,24,0.296586365,0.445155382,0.258258283
Seq281,90,0.36316514,0.326750636,0.310084224
Seq282,18,0.346894979,0.391610622,0.261494458
Seq283,33,0.403733045,0.361615181,0.234651759
Seq284,24,0.330696642,0.353992462,0.315310955
Seq285,31,0.34430939,0.406228513,0.249462113
Seq286,30,0.386394411,0.311466217,0.302139342
Seq287,25,0.45329982,0.378962517,0.167737618
Seq288,127,0.541725039,0.348722368,0.109552674
Seq289,38,0.269893885,0.478566468,0.251539588
Seq290,14,0.338261575,0.375381082,0.286357373
Seq291,65,0.481250942,0.353124857,0.165624171
Seq292,24,0.234966636,0.422786236,0.342247218
Seq293,26,0.094180152,0.076383106,0.829436719
Seq294,21,0.260194838,0.443252206,0.296553016
Seq295,55,0.314751118,0.408102065,0.277146876
Seq296,25,0.255474031,0.55316478,0.191361159
Seq297,43,0.417739809,0.311635524,0.270624697
Seq298,42,0.31916216,0.471479356,0.209358558
Seq299,22,0.325462699,0.358785033,0.315752298
Seq300,19,0.286046356,0.227320194,0.48663345
Seq301,24,0.337941766,0.337391287,0.324667007
Seq302,17,0.346316367,0.411361814,0.242321774
Seq303,31,0.53189373,0.365882695,0.102223508
Seq304,22,0.382214516,0.355476797,0.262308687
Seq305,102,0.555394828,0.422843754,0.021761462
Seq306,19,0.47328192,0.358401954,0.168316096
Seq307,33,0.417221218,0.41029501,0.172483832
Seq308,68,0.387995154,0.391397387,0.22060746
Seq309,28,0.341160625,0.372671515,0.286167771
Seq310,39,0.528866947,0.348625094,0.12250793
Seq311,41,0.347382516,0.352503657,0.300113797
Seq312,75,0.43463245,0.353482455,0.21188508
Seq313,43,0.004097309,0.001733774,0.994168997
Seq314,28,0.408104628,0.319491625,0.272403687
Seq315,13,0.290518612,0.359995693,0.349485725
Seq316,22,0.382726729,0.511990428,0.105282865
Seq317,20,0.357971072,0.371256143,0.270772785
Seq318,21,0.407147348,0.388116926,0.204735741
Seq319,50,0.428225517,0.359320045,0.212454423
Seq320,40,0.412067682,0.418740243,0.169192135
Seq321,37,0.466986269,0.374396235,0.158617482
Seq322,26,0.304337084,0.348935574,0.346727371
Seq323,14,0.143801898,0.114161842,0.742036343
Seq324,27,0.435756803,0.410387874,0.153855368
Seq325,44,0.434639603,0.328299791,0.237060592
Seq326,149,0.469050765,0.355369955,0.175579265
Seq327,31,0.40749222,0.327269882,0.265237868
Seq328,13,0.275435984,0.363176733,0.361387312
Seq329,60,0.330040872,0.386437446,0.283521682
Seq330,32,0.325610489,0.445419192,0.228970319
Seq331,25,0.365890771,0.364934921,0.269174337
Seq332,16,0.283198684,0.453746229,0.263055086
Seq333,18,0.321654648,0.372545004,0.305800349
Seq334,40,0.461637855,0.323292732,0.215069398
Seq335,14,0.294665575,0.39598161,0.309352845
Seq336,23,0.265991241,0.384611368,0.349397331
Seq337,20,0.364240617,0.353995085,0.281764299
Seq338,37,0.405326813,0.45113188,0.143541321
Seq339,28,0.393776983,0.340350538,0.265872478
Seq340,51,0.818788707,0.139419228,0.041792076
Seq341,26,0.407405317,0.450985551,0.141609147
Seq342,14,0.339760154,0.374670267,0.285569519
Seq343,19,0.348074019,0.418830037,0.233096004
Seq344,31,0.431921214,0.336102843,0.231975988
Seq345,20,0.258617997,0.463944435,0.277437568
Seq346,29,0.395967513,0.410490692,0.193541855
Seq347,27,0.386040956,0.38196075,0.231998324
Seq348,14,0.219944894,0.424923867,0.355131269
Seq349,29,0.333327055,0.395518839,0.271154046
Seq350,21,0.308528334,0.433044493,0.258427173
Seq351,18,0.244434088,0.488371402,0.267194539
Seq352,24,0.283804446,0.447938889,0.268256694
Seq353,46,0.389102727,0.440127075,0.170770183
Seq354,30,0.423987895,0.345194697,0.230817452
Seq355,17,0.289021969,0.419525325,0.291452646
Seq356,38,0.36902976,0.299125552,0.331844717
Seq357,53,0.391764164,0.322313875,0.285921991
Seq358,26,0.34205386,0.360775799,0.297170371
Seq359,42,0.3402749,0.374446481,0.285278648
Seq360,20,0.251031339,0.366980195,0.381988436
Seq361,34,0.425545663,0.348130465,0.226323918
Seq362,20,0.345355779,0.352092922,0.302551299
Seq363,64,0.425524503,0.442513019,0.131962419
Seq364,27,0.456403673,0.382034928,0.161561489
Seq365,21,0.394076407,0.40171808,0.204205513
Seq366,13,0.320341289,0.380902439,0.298756301
Seq367,49,0.389606118,0.330913663,0.279480159
Seq368,98,0.629620075,0.267933011,0.102446936
Seq369,83,0.410638422,0.339821279,0.249540314
Seq370,97,0.477598011,0.372076094,0.150325909
Seq371,13,0.247082159,0.378293425,0.374624461
Seq372,78,0.504170597,0.38795051,0.107878923
Seq373,38,0.375774026,0.365881443,0.258344561
Seq374,114,0.551236629,0.404482514,0.044280838
Seq375,34,0.398598105,0.392723948,0.208677933
Seq376,23,0.309287697,0.357817918,0.332894355
Seq377,42,0.409400105,0.359747738,0.230852127
Seq378,29,0.399923861,0.388005167,0.212070957
Seq379,18,0.332345158,0.37084201,0.296812832
Seq380,24,0.340099394,0.347784042,0.312116593
Seq381,20,0.224513173,0.364111841,0.411374927
Seq382,15,0.321362406,0.407553196,0.271084338
Seq383,37,0.392212391,0.400620133,0.207167462
Seq384,21,0.40260902,0.472355574,0.12503548
Seq385,21,0.312525004,0.332778394,0.354696602
Seq386,36,0.407817394,0.372101307,0.22008127
Seq387,32,0.087963983,0.05044644,0.861589551
Seq388,73,0.562016428,0.429854155,0.008129366
Seq389,21,0.321643233,0.390334308,0.288022459
Seq390,18,0.377538592,0.386762857,0.235698536
Seq391,40,0.396023244,0.361219496,0.242757261
Seq392,16,0.284416735,0.392551422,0.323031813
Seq393,20,0.12538448,0.057810333,0.816805124
Seq394,32,0.3840684,0.321363389,0.294568151
Seq395,24,0.40895924,0.346132845,0.244907856
Seq396,27,0.379617751,0.313540757,0.306841522
Seq397,13,0.261406481,0.420528233,0.318065286
Seq398,25,0.374271691,0.447197944,0.178530365
Seq399,43,0.005746555,0.002411555,0.991841912
Seq400,131,0.466658682,0.312676102,0.220665187
Seq401,27,0.415531605,0.392937958,0.191530481
Seq402,30,0.400265217,0.358757377,0.240977362
Seq403,63,0.407396078,0.354725212,0.237878755
Seq404,68,0.474484891,0.382983893,0.142531246
Seq405,36,0.559037089,0.151371896,0.289590985
Seq406,14,0.19590506,0.412437648,0.391657233
Seq407,16,0.370655775,0.380621821,0.248722464
Seq408,38,0.450035274,0.363614053,0.186350703
Seq409,90,0.538261592,0.350568652,0.111169711
Seq410,41,0.438649565,0.364859402,0.196490988
Seq411,28,0.330420077,0.371913254,0.297666728
Seq412,30,0.286716223,0.439006716,0.274277031
Seq413,82,0.41082406,0.239990786,0.349185199
Seq414,20,0.335701287,0.421027482,0.243271232
Seq415,40,0.438322276,0.344464123,0.21721369
Seq416,99,0.620752096,0.358517528,0.020730354
Seq417,33,0.429985434,0.361293435,0.208721161
Seq418,24,0.405926138,0.351530164,0.242543682
Seq419,37,0.019840723,0.010983188,0.969176114
Seq420,15,0.336588681,0.393705845,0.269705415
Seq421,28,0.389701515,0.354893953,0.255404532
Seq422,30,0.280062348,0.344392836,0.375544757
Seq423,17,0.364541143,0.336462915,0.298995972
Seq424,21,0.40542829,0.384207547,0.210364133
Seq425,32,0.524078012,0.198260218,0.277661711
Seq426,27,0.394593388,0.403446198,0.20196037
Seq427,11,0.390811116,0.089238897,0.519949973
Seq428,18,0.38781929,0.288855374,0.323325336
Seq429,17,0.308280915,0.39581278,0.295906365
Seq430,43,0.377421707,0.421381742,0.201196536
Seq431,18,0.336393476,0.350663006,0.312943518
Seq432,25,0.357279658,0.349172294,0.293547988
Seq433,16,0.335054308,0.305142969,0.359802663
Seq434,41,0.329059929,0.383391917,0.287548184
Seq435,47,0.420294344,0.347297043,0.232408628
Seq436,24,0.379864693,0.371627152,0.248508215
Seq437,48,0.372339427,0.326993376,0.300667167
Seq438,32,0.361464083,0.353643388,0.284892499
Seq439,26,0.294676453,0.378721625,0.326601952
Seq440,30,0.422938496,0.390736401,0.186325029
Seq441,13,0.226895168,0.434939116,0.3381657
Seq442,55,0.479283065,0.291112185,0.229604751
Seq443,14,0.353188306,0.409333467,0.237478286
Seq444,19,0.418311983,0.470260382,0.111427613
Seq445,34,0.474839509,0.435823888,0.089336559
Seq446,33,0.389222443,0.351375937,0.259401619
Seq447,18,0.408040613,0.381650567,0.210308895
Seq448,80,0.46270141,0.404616803,0.132681862
Seq449,75,0.415945679,0.3501333,0.233921051
Seq450,15,0.299507201,0.441439331,0.259053469
Seq451,13,0.309459627,0.365363717,0.325176626
Seq452,41,0.379881382,0.407730371,0.212388232
Seq453,18,0.085118271,0.074512877,0.840368867
Seq454,69,0.453095585,0.418404371,0.128500044
Seq455,13,0.207464248,0.492539585,0.299996227
Seq456,41,0.304413795,0.360956281,0.334630013
Seq457,27,0.371967167,0.347515345,0.280517489
Seq458,13,0.370633811,0.401389867,0.227976412
Seq459,23,0.38230744,0.378551453,0.239141181
Seq460,32,0.436319351,0.329348266,0.234332383
Seq461,29,0.304260612,0.387963384,0.307775944
Seq462,20,0.349048972,0.356675178,0.29427579
Seq463,12,0.248895973,0.517192662,0.23391135
Seq464,17,0.365546942,0.358492762,0.275960237
Seq465,32,0.429147154,0.337537408,0.233315453
Seq466,34,0.354117066,0.40121758,0.244665384
Seq467,12,0.222171783,0.488162398,0.289665848
Seq468,18,0.312842011,0.394921303,0.292236686
Seq469,32,0.347613961,0.429685742,0.222700298
Seq470,75,0.495809108,0.347914129,0.156276718
Seq471,16,0.333595723,0.398719996,0.267684251
Seq472,31,0.420745075,0.303855062,0.275399923
Seq473,21,0.275299847,0.428303957,0.296396196
Seq474,45,0.377399862,0.427316308,0.19528383
Seq475,92,0.505045056,0.350635678,0.144319311
Seq476,47,0.451365411,0.386654288,0.161980361
Seq477,24,0.412213892,0.360987484,0.226798624
Seq478,21,0.330260605,0.414895803,0.254843563
Seq479,46,0.448417544,0.371877342,0.179705113
Seq480,65,0.488440603,0.390024841,0.121534541
Seq481,43,0.287449032,0.346306086,0.366244823
Seq482,24,0.36353305,0.354861021,0.281605899
Seq483,35,0.366984427,0.404461861,0.228553668
Seq484,29,0.354660869,0.365818113,0.279521018
Seq485,18,0.303092241,0.42532149,0.271586329
Seq486,46,0.455873281,0.380872607,0.163254187
Seq487,13,0.254306078,0.455636352,0.290057629
Seq488,33,0.309789419,0.390202224,0.300008327
Seq489,54,0.409919858,0.365134269,0.224945888
Seq490,98,0.463077188,0.365738273,0.17118457
Seq491,76,0.507891834,0.418621153,0.073486954
Seq492,74,0.44256112,0.295817256,0.261621594
Seq493,31,0.397117227,0.430811018,0.172071785
Seq494,33,0.404672235,0.340287089,0.255040616
Seq495,19,0.353524804,0.423709065,0.222766116
Seq496,45,0.395517766,0.406650484,0.197831795
Seq497,20,0.384579569,0.402378917,0.213041484
Seq498,22,0.278265834,0.390309274,0.331424922
Seq499,13,0.317944854,0.419584274,0.262470901
Seq500,32,0.466250539,0.336164057,0.197585404
Seq501,49,0.375019431,0.370342493,0.254638046
Seq502,22,0.277665019,0.457796752,0.264538288
Seq503,37,0.387736142,0.322819829,0.28944397
Seq504,13,0.246085331,0.444590569,0.309324086
Seq505,31,0.436911434,0.341264814,0.221823722
Seq506,73,0.461939603,0.43298468,0.105075739
Seq507,24,0.395129025,0.348902881,0.255968153
Seq508,13,0.260108799,0.417244494,0.322646707
Seq509,25,0.381460607,0.279675096,0.338864267
Seq510,70,0.407943726,0.454999298,0.137056977
Seq511,13,0.350029558,0.368004978,0.281965494
Seq512,19,0.324798018,0.400779605,0.274422348
Seq513,13,0.33125934,0.364204347,0.304536283
Seq514,23,0.372094512,0.437048525,0.190856978
Seq515,23,0.421675533,0.346135974,0.232188493
Seq516,25,0.319219768,0.436192662,0.244587496
Seq517,29,0.369770676,0.337934464,0.29229483
Seq518,25,0.253899872,0.387753576,0.358346611
Seq519,31,0.416823834,0.365705162,0.217470989
Seq520,32,0.404532939,0.354855239,0.240611821
Seq521,28,0.394210041,0.404464304,0.201325685
Seq522,15,0.314340383,0.416068017,0.2695916
Seq523,43,0.3822456,0.365434855,0.252319574
Seq524,11,0.462798387,0.07262893,0.464572638
Seq525,60,0.478550643,0.388767481,0.132681891
Seq526,79,0.443674743,0.335372597,0.220952705
Seq527,13,0.30522269,0.35615173,0.33862555
Seq528,13,0.258372188,0.384061247,0.357566565
Seq529,17,0.263688922,0.448561519,0.287749529
Seq530,17,0.422280788,0.362995893,0.214723274
Seq531,64,0.408886135,0.354335129,0.236778796
Seq532,24,0.400294125,0.343607634,0.256098241
Seq533,25,0.479218453,0.313428551,0.207353011
Seq534,43,0.441271812,0.294980973,0.263747245
Seq535,34,0.341602087,0.326656371,0.331741512
Seq536,24,0.327838272,0.418223351,0.253938347
Seq537,18,0.353225827,0.395465136,0.251309067
Seq538,16,0.338296115,0.382419378,0.279284507
Seq539,28,0.385240436,0.351856261,0.262903363
Seq540,37,0.426748484,0.370946616,0.202304885
Seq541,14,0.236841545,0.40091154,0.36224696
Seq542,17,0.278200716,0.284430087,0.437369227
Seq543,49,0.584257901,0.193515033,0.222227052
Seq544,13,0.312713206,0.384372771,0.302914023
Seq545,24,0.258982569,0.381018192,0.359999239
Seq546,27,0.209511608,0.431744009,0.358744413
Seq547,19,0.350485355,0.364891082,0.284623563
Seq548,13,0.284411281,0.369464219,0.34612453
Seq549,24,0.406287372,0.348974764,0.244737849
Seq550,18,0.338658631,0.417702019,0.243639335
Seq551,16,0.340941817,0.386078537,0.272979587
Seq552,14,0.306303054,0.392748713,0.300948262
Seq553,38,0.448274672,0.366249412,0.185475901
Seq554,45,0.364608914,0.399404109,0.235987037
Seq555,30,0.399656773,0.348643661,0.251699567
Seq556,12,0.256289929,0.453097641,0.290612429
Seq557,114,0.503404737,0.39570576,0.100889452
Seq558,37,0.313398123,0.389079958,0.297521949
Seq559,24,0.404316336,0.336922735,0.258760929
Seq560,45,0.313855201,0.459287345,0.226857483
Seq561,38,0.441439509,0.395858347,0.162702069
Seq562,15,0.26711905,0.067990825,0.66489017
Seq563,13,0.346135825,0.35044983,0.303414404
Seq564,32,0.262166262,0.491765678,0.246067971
Seq565,15,0.194482863,0.446404904,0.359112203
Seq566,21,0.352021664,0.396331042,0.251647234
Seq567,30,0.380666733,0.433279008,0.186054274
Seq568,38,0.422459185,0.311814845,0.26572603
Seq569,38,0.43729791,0.422460347,0.140241727
Seq570,28,0.395847619,0.314729124,0.289423287
Seq571,26,0.327011585,0.372482181,0.300506234
Seq572,13,0.344968617,0.362574697,0.292456716
Seq573,38,0.423510969,0.322502553,0.253986448
Seq574,59,0.467727363,0.417651474,0.114621207
Seq575,21,0.370230764,0.368018508,0.261750728
Seq576,13,0.327656955,0.355360508,0.316982597
Seq577,21,0.37057507,0.373285264,0.256139696
Seq578,47,0.416761965,0.323227316,0.260010749
Seq579,111,0.513806105,0.393462956,0.092730902
Seq580,51,0.433342725,0.330574423,0.236082807
Seq581,18,0.322957993,0.457280576,0.219761446
Seq582,40,0.383724421,0.38299486,0.233280748
Seq583,43,0.378790736,0.333512068,0.287697166
Seq584,35,0.317721903,0.415022433,0.267255694
Seq585,26,0.36509493,0.384716868,0.250188172
Seq586,20,0.250024408,0.418604106,0.331371486
Seq587,98,0.434262276,0.361641258,0.204096392
Seq588,149,0.467475057,0.35891062,0.173614293
Seq589,34,0.484836042,0.438795894,0.076368108
Seq590,14,0.265188366,0.39992699,0.334884673
Seq591,31,0.366964668,0.339893937,0.293141365
Seq592,39,0.443201244,0.343364149,0.213434711
Seq593,37,0.457956135,0.344942361,0.197101444
Seq594,53,0.458722353,0.387375027,0.153902665
Seq595,24,0.366853982,0.448974639,0.184171394
Seq596,20,0.228616118,0.49277243,0.278611481
Seq597,36,0.426318526,0.384612054,0.189069495
Seq598,29,0.312403649,0.447446108,0.240150198
Seq599,34,0.369381934,0.369858414,0.260759681
Seq600,84,0.472542673,0.325011224,0.202446163
Seq601,34,0.462893367,0.38232106,0.154785603
Seq602,37,0.407982558,0.353440404,0.238577068
Seq603,47,0.402826577,0.393210977,0.203962445
Seq604,22,0.356358379,0.355871707,0.287769943
Seq605,19,0.375009745,0.302731305,0.322258949
Seq606,13,0.278912663,0.382726759,0.338360548
Seq607,100,0.534598589,0.393267274,0.072134063
Seq608,31,0.361066401,0.338302225,0.300631404
Seq609,12,0.30436334,0.455815792,0.239820868
Seq610,27,0.351180732,0.372837484,0.275981754
Seq611,21,0.278034925,0.401015103,0.320949912
Seq612,13,0.294274241,0.39910841,0.306617409
Seq613,37,0.378318399,0.34681195,0.27486971
Seq614,24,0.40872395,0.338129729,0.253146291
Seq615,45,0.509868979,0.388027996,0.102103032
Seq616,48,0.443607867,0.436488032,0.119904086
Seq617,30,0.284709096,0.42646727,0.288823605
Seq618,21,0.436154336,0.146289721,0.417555928
Seq619,40,0.378642559,0.367357552,0.253999859
Seq620,24,0.382902265,0.348091781,0.269005984
Seq621,25,0.356279433,0.34381482,0.299905688
Seq622,69,0.446223855,0.392802775,0.16097337
Seq623,23,0.383526266,0.425714642,0.190759182
Seq624,77,0.490553319,0.464558601,0.044888098
Seq625,11,0.397229105,0.235631138,0.367139727
Seq626,28,0.369093508,0.37255922,0.258347243
Seq627,23,0.373023838,0.326574862,0.3004013
Seq628,29,0.423962951,0.364101321,0.211935759
Seq629,38,0.338762552,0.377333581,0.283903837
Seq630,19,0.287932336,0.443132967,0.268934727
Seq631,24,0.210257351,0.477809668,0.311933041
Seq632,52,0.691273034,0.213974848,0.094752155
Seq633,19,0.282012105,0.379317701,0.338670164
Seq634,33,0.409107119,0.348664045,0.242228821
Seq635,27,0.289737344,0.367384702,0.342877984
Seq636,33,0.440793395,0.382500768,0.176705793
Seq637,59,0.399525434,0.351786286,0.248688251
Seq638,60,0.904768407,0.092338577,0.002893046
Seq639,51,0.514892042,0.357197821,0.127910107
Seq640,12,0.349691093,0.407646686,0.242662236
Seq641,24,0.411402345,0.379054368,0.209543318
Seq642,23,0.660782635,0.111869872,0.227347419
Seq643,21,0.286180079,0.386243373,0.327576548
Seq644,19,0.232404813,0.469933391,0.297661871
Seq645,23,0.338883638,0.449491888,0.211624518
Seq646,66,0.427908689,0.392553031,0.17953828
Seq647,35,0.13925615,0.022779692,0.837964177
Seq648,38,0.411024928,0.340595365,0.248379633
Seq649,19,0.389743894,0.360848248,0.249407902
Seq650,24,0.376047015,0.353795022,0.270157993
Seq651,17,0.264020503,0.406866521,0.329113007
Seq652,20,0.383750856,0.346327692,0.269921482
Seq653,19,0.337641329,0.392354757,0.270003915
Seq654,35,0.211483717,0.427417248,0.361099035
Seq655,31,0.368564725,0.426702172,0.204733059
Seq656,73,0.42602852,0.42617467,0.147796869
Seq657,37,0.472737819,0.383653849,0.143608376
Seq658,39,0.386317134,0.380398899,0.233283937
Seq659,16,0.27210173,0.469424486,0.258473754
Seq660,45,0.402692854,0.418316007,0.178991109
Seq661,26,0.365676641,0.373050421,0.261272937
Seq662,27,0.369996488,0.345269889,0.284733593
Seq663,38,0.42678979,0.417458564,0.155751631
Seq664,13,0.27241087,0.420463324,0.307125807
Seq665,25,0.369817227,0.360924572,0.269258201
Seq666,34,0.489129424,0.402241558,0.108628951
Seq667,45,0.32191515,0.372613281,0.30547151
Seq668,14,0.403751731,0.151221067,0.445027262
Seq669,30,0.340884596,0.401227385,0.257887989
Seq670,37,0.4696455,0.383195937,0.147158578
Seq671,23,0.395495623,0.345675021,0.258829296
Seq672,51,0.399378568,0.483969241,0.116652139
Seq673,46,0.44273302,0.367060035,0.190206945
Seq674,21,0.329653054,0.354854226,0.315492719
Seq675,39,0.447282404,0.291823149,0.260894448
Seq676,16,0.31885159,0.38568902,0.295459449
Seq677,24,0.39914915,0.351296782,0.249554053
Seq678,39,0.428204864,0.353029937,0.218765184
Seq679,44,0.398995608,0.315697014,0.285307378
Seq680,43,0.358713508,0.317444295,0.323842198
Seq681,16,0.336364925,0.3269099,0.336725235
Seq682,38,0.346967965,0.418004841,0.235027194
Seq683,47,0.334790647,0.347126633,0.31808272
Seq684,37,0.401199907,0.348433644,0.25036639
Seq685,13,0.230998173,0.395604253,0.373397589
Seq686,40,0.425654531,0.3774997,0.196845755
Seq687,23,0.374950379,0.350626826,0.274422824
Seq688,53,0.397414744,0.352384597,0.250200659
Seq689,38,0.2483989,0.456673533,0.294927567
Seq690,14,0.244991913,0.465441436,0.289566636
Seq691,25,0.352765113,0.412337214,0.234897643
Seq692,19,0.31980142,0.381357491,0.298841029
Seq693,44,0.382062435,0.393204272,0.224733353
Seq694,40,0.384733528,0.349212348,0.266054124
Seq695,37,0.422151983,0.36184749,0.216000542
Seq696,33,0.418400079,0.323118091,0.258481771
Seq697,24,0.280093729,0.365863204,0.354043037
Seq698,20,0.416092187,0.353126734,0.230781093
Seq699,22,0.379648149,0.375901967,0.244449928
Seq700,25,0.361715138,0.358392119,0.279892772
Seq701,14,0.246985078,0.388174057,0.364840925
Seq702,44,0.374695957,0.392191559,0.23311244
Seq703,24,0.406785786,0.34024474,0.252969474
Seq704,42,0.356300145,0.386793762,0.256906152
Seq705,13,0.249467298,0.419692636,0.330840111
Seq706,101,0.453273386,0.37549746,0.171229139
Seq707,56,0.470338583,0.328939468,0.200721964
Seq708,27,0.381330252,0.322189957,0.296479821
Seq709,93,0.582172096,0.269300431,0.148527503
Seq710,39,0.452699602,0.272697896,0.274602473
Seq711,23,0.307936996,0.137160599,0.554902434
Seq712,25,0.359245747,0.351412147,0.289342135
Seq713,18,0.251900554,0.2514126,0.496686876
Seq714,59,0.535723925,0.328821987,0.135454103
Seq715,17,0.478715986,0.236291379,0.284992635
Seq716,11,0.360097826,0.236290708,0.403611481
Seq717,28,0.396142066,0.284560114,0.31929782
Seq718,44,0.338459641,0.323042214,0.338498145
Seq719,34,0.445469648,0.299321592,0.255208701
Seq720,25,0.421037257,0.322042793,0.25691998
Seq721,31,0.524122417,0.29953891,0.176338628
Seq722,15,0.316820204,0.370365262,0.312814504
Seq723,42,0.388311744,0.329222798,0.282465458
Seq724,23,0.279798865,0.307866216,0.412334889
Seq725,15,0.303334385,0.3274028,0.369262785
Seq726,41,0.398297668,0.357622921,0.244079396
Seq727,22,0.284457266,0.309536994,0.40600574
Seq728,16,0.373962015,0.243615508,0.382422417
Seq729,53,0.365921646,0.469427675,0.164650694
Seq730,29,0.357908994,0.218426704,0.423664242
Seq731,42,0.401592612,0.255219162,0.343188226
Seq732,32,0.341849059,0.234672531,0.423478335
Seq733,29,0.342642188,0.354038388,0.303319454
Seq734,40,0.318061352,0.206060112,0.475878537
Seq735,28,0.3102687,0.352965236,0.336766005
Seq736,16,0.347126275,0.252047181,0.400826603
Seq737,54,0.322067916,0.381076276,0.296855807
Seq738,30,0.32368198,0.238966763,0.437351227
Seq739,14,0.285966069,0.226102963,0.487930983
Seq740,57,0.539139092,0.286560357,0.174300551
Seq741,25,0.429017842,0.264823228,0.3061589
Seq742,49,0.295290112,0.284808308,0.419901609
Seq743,32,0.552838564,0.238319516,0.208841875
Seq744,33,0.363901943,0.363104463,0.272993624
Seq745,52,0.372140616,0.52572304,0.102136321
Seq746,17,0.553148031,0.270347178,0.176504776
Seq747,12,0.313919336,0.338423133,0.347657502
Seq748,11,0.307936609,0.340597779,0.351465613
Seq749,33,0.45125103,0.312259436,0.236489505
Seq750,27,0.585773945,0.29518488,0.119041145
Seq751,30,0.360102713,0.266837925,0.373059422
Seq752,24,0.40783909,0.249945864,0.342215091
Seq753,29,0.353941113,0.288329989,0.357728958
Seq754,48,0.355840504,0.403567255,0.240592211
Seq755,15,0.299075454,0.228895858,0.472028643
Seq756,44,0.506410241,0.366879195,0.126710579
Seq757,39,0.275740623,0.267209083,0.457050294
Seq758,24,0.531651437,0.268374234,0.199974358
Seq759,58,0.637617707,0.30091387,0.061468441
Seq760,24,0.417132556,0.258428067,0.324439406
Seq761,17,0.269752115,0.362785548,0.367462337
Seq762,19,0.329922706,0.284592301,0.385484904
Seq763,22,0.353954077,0.227595404,0.418450505
Seq764,58,0.73819232,0.253447801,0.008359887
Seq765,15,0.381756395,0.258690536,0.359553069
Seq766,67,0.48766464,0.355007708,0.157327682
Seq767,35,0.316673011,0.515999973,0.167327091
Seq768,30,0.428302199,0.275206983,0.296490759
Seq769,20,0.274107873,0.3617782,0.364113986
Seq770,35,0.288026571,0.259429157,0.452544332
Seq771,40,0.445435733,0.270429164,0.284135133
Seq772,23,0.250727445,0.351064801,0.398207754
Seq773,70,0.453333497,0.359746695,0.186919793
Seq774,82,0.275823861,0.449894309,0.27428177
Seq775,78,0.431280255,0.340329915,0.228389844
Seq776,30,0.49284932,0.310158104,0.196992561
Seq777,23,0.3485668,0.336429626,0.315003544
Seq778,24,0.275108218,0.285146773,0.439745039
Seq779,24,0.266618907,0.392334074,0.341046929
Seq780,16,0.352864563,0.311389774,0.335745692
Seq781,42,0.414317012,0.305944234,0.279738754
Seq782,19,0.293777347,0.422228724,0.28399393
Seq783,67,0.372306675,0.369376332,0.258316934
Seq784,69,0.469394445,0.323881954,0.20672369
Seq785,14,0.388938695,0.257587969,0.353473306
Seq786,25,0.323223799,0.264828295,0.411947906
Seq787,23,0.321332216,0.379678279,0.298989505
Seq788,43,0.311288327,0.457577437,0.231134206
Seq789,21,0.262244731,0.269893765,0.467861563
Seq790,20,0.234652042,0.317518026,0.447829932
Seq791,26,0.697762907,0.271771193,0.030465929
Seq792,48,0.50495398,0.347960055,0.14708592
Seq793,34,0.282907724,0.453414947,0.263677329
Seq794,23,0.333384454,0.178638816,0.48797667
Seq795,37,0.539711535,0.318926841,0.141361579
Seq796,38,0.520446002,0.316832542,0.162721425
Seq797,30,0.446009398,0.246551499,0.307439148
Seq798,22,0.341668189,0.232341632,0.425990134
Seq799,24,0.491670102,0.370227069,0.1381028
Seq800,14,0.391352952,0.277385861,0.331261188
Seq801,13,0.246928036,0.262943029,0.490129024
Seq802,28,0.370957226,0.216175064,0.412867755
Seq803,18,0.237342402,0.364119619,0.398538083
Seq804,18,0.205737129,0.453646362,0.340616524
Seq805,53,0.402865797,0.276699215,0.320434988
Seq806,122,0.578322411,0.408494294,0.0131833
Seq807,114,0.463409692,0.488427639,0.048162572
Seq808,23,0.3905164,0.28009662,0.32938695
Seq809,12,0.299167663,0.374078304,0.326754063
Seq810,29,0.238410383,0.283629209,0.477960497
Seq811,29,0.377527893,0.178070173,0.444401979
Seq812,18,0.318818897,0.2092686,0.471912444
Seq813,15,0.316316038,0.262057602,0.4216263
Seq814,56,0.411087424,0.325551838,0.263360739
Seq815,40,0.401759982,0.432256222,0.165983766
Seq816,21,0.268543839,0.379773855,0.351682305
Seq817,37,0.592556536,0.320512682,0.086930752
Seq818,41,0.543507099,0.28620854,0.170284361
Seq819,24,0.275503665,0.202537522,0.521958828
Seq820,30,0.568809986,0.240378737,0.190811232
Seq821,18,0.295099318,0.313154161,0.391746491
Seq822,20,0.458865494,0.262321144,0.278813422
Seq823,19,0.53226608,0.26137802,0.2063559
Seq824,19,0.377627611,0.281664729,0.34070757
Seq825,28,0.320376724,0.263362199,0.416261107
Seq826,46,0.308820039,0.307419002,0.383760959
Seq827,36,0.390461892,0.293923527,0.315614641
Seq828,89,0.415103763,0.285800189,0.299096078
Seq829,29,0.284545153,0.418229491,0.297225386
Seq830,36,0.384917349,0.25279814,0.362284482
Seq831,29,0.489738137,0.2289415,0.281320393
Seq832,43,0.664775848,0.310203999,0.025020165
Seq833,28,0.445354104,0.281187296,0.2734586
Seq834,44,0.775610745,0.220131069,0.00425816
Seq835,51,0.386882812,0.303669125,0.309448063
Seq836,17,0.52955395,0.255925208,0.214520857
Seq837,24,0.489741117,0.382533044,0.12772584
Seq838,58,0.330677569,0.361299664,0.308022797
Seq839,75,0.622401714,0.291173875,0.08642447
Seq840,39,0.437265217,0.308274001,0.254460812
Seq841,22,0.311082125,0.30883646,0.380081445
Seq842,45,0.59067589,0.228313029,0.181011096
Seq843,54,0.507246196,0.313783973,0.17896983
Seq844,41,0.414749652,0.249933794,0.335316539
Seq845,31,0.35460639,0.332707554,0.312686026
Seq846,21,0.373995483,0.256470829,0.369533688
Seq847,12,0.434586078,0.269865692,0.29554826
Seq848,28,0.378320217,0.266115218,0.355564594
Seq849,29,0.390189677,0.278360844,0.331449509
Seq850,22,0.486538172,0.280540437,0.232921362
Seq851,18,0.419457823,0.263244599,0.317297608
Seq852,42,0.426226288,0.272067338,0.301706403
Seq853,31,0.441964358,0.265974104,0.292061538
Seq854,28,0.532078743,0.304412901,0.163508326
Seq855,20,0.398634523,0.298831105,0.302534461
Seq856,20,0.406355232,0.246665403,0.34697938
Seq857,26,0.277038842,0.315363467,0.407597721
Seq858,32,0.304675668,0.324212581,0.371111721
Seq859,100,0.415461302,0.366387486,0.218151227
Seq860,26,0.331665963,0.307281464,0.361052543
Seq861,22,0.326702565,0.208401859,0.464895546
Seq862,56,0.439095199,0.343895972,0.217008859
Seq863,16,0.306935132,0.21724546,0.475819379
Seq864,14,0.300086796,0.196310416,0.503602803
Seq865,47,0.678617299,0.280211687,0.041171033
Seq866,121,0.555610478,0.338124603,0.106264837
Seq867,36,0.345846206,0.411819637,0.242334113
Seq868,17,0.284488767,0.302473038,0.413038224
Seq869,20,0.280431628,0.282844871,0.43672353
Seq870,31,0.301043272,0.400179476,0.298777223
Seq871,13,0.336109579,0.2607418,0.403148592
Seq872,29,0.374681979,0.277609676,0.347708315
Seq873,19,0.227517575,0.269409597,0.503072739
Seq874,41,0.317320883,0.361670107,0.32100901
Seq875,13,0.38345924,0.30548206,0.31105876
Seq876,84,0.600592792,0.355287284,0.044119898
Seq877,121,0.519701838,0.375872314,0.104425818
Seq878,25,0.304007024,0.313387007,0.38260603
Seq879,17,0.277732223,0.214110792,0.508156955
Seq880,42,0.340128183,0.25121215,0.408659607
Seq881,34,0.40135923,0.35141778,0.24722293
Seq882,45,0.330331028,0.616878867,0.052790154
Seq883,27,0.347925663,0.237955034,0.414119333
Seq884,106,0.747296214,0.250995129,0.001708568
Seq885,12,0.330508977,0.198519126,0.470971972
Seq886,11,0.280546576,0.224479586,0.494973868
Seq887,151,0.825327814,0.17076461,0.003907565
Seq888,21,0.334053844,0.233490631,0.43245548
Seq889,17,0.369863003,0.32681489,0.303322136
Seq890,48,0.439307153,0.313991249,0.246701613
Seq891,30,0.572922349,0.245555416,0.181522191
Seq892,14,0.352622062,0.316252589,0.331125349
Seq893,11,0.264822483,0.32169196,0.413485497
Seq894,32,0.335755259,0.321666032,0.342578679
Seq895,32,0.318606138,0.367177069,0.314216822
Seq896,20,0.270451486,0.27062276,0.458925724
Seq897,54,0.400295436,0.272434205,0.327270329
Seq898,27,0.379803717,0.265997291,0.354198992
Seq899,28,0.242330641,0.330934227,0.426735163
Seq900,17,0.513417244,0.2897214,0.196861416
Seq901,40,0.398251534,0.201477543,0.400270909
Seq902,20,0.434430778,0.31384033,0.251728952
Seq903,19,0.437035561,0.247603253,0.315361172
Seq904,20,0.348222345,0.293447495,0.35833016
Seq905,88,0.552586854,0.376035213,0.071377955
Seq906,14,0.370675296,0.264467865,0.364856869
Seq907,21,0.330344379,0.275325686,0.394329876
Seq908,22,0.236052752,0.3188954,0.445051849
Seq909,22,0.426426351,0.280266613,0.293307036
Seq910,16,0.320272028,0.231817484,0.447910428
Seq911,68,0.402105838,0.310796708,0.287097484
Seq912,70,0.385111898,0.43407023,0.180817813
Seq913,20,0.252552629,0.24914366,0.498303711
Seq914,15,0.214192659,0.370489895,0.415317476
Seq915,14,0.284195662,0.301643342,0.414160997
Seq916,12,0.222419962,0.307064801,0.470515281
Seq917,39,0.360445231,0.502686739,0.136868089
Seq918,24,0.466970205,0.294692218,0.238337561
Seq919,124,0.597449839,0.376891851,0.025658354
Seq920,13,0.315246612,0.310075194,0.374678165
Seq921,40,0.313742697,0.287774265,0.398483038
Seq922,93,0.539797723,0.318549097,0.14165315
Seq923,26,0.353547007,0.269401193,0.3770518
Seq924,48,0.53470099,0.348107636,0.117191367
Seq925,60,0.51566577,0.402192295,0.08214201
Seq926,30,0.37400803,0.287962109,0.338029921
Seq927,48,0.291217893,0.452950418,0.255831689
Seq928,15,0.34771052,0.249537453,0.402752042
Seq929,26,0.338983297,0.291278899,0.369737744
Seq930,18,0.457202256,0.305872947,0.236924842
Seq931,17,0.222896963,0.267132521,0.509970546
Seq932,27,0.356261432,0.252012849,0.391725719
Seq933,21,0.41855517,0.345172107,0.236272708
Seq934,14,0.298796266,0.498448849,0.2027549
Seq935,15,0.232430995,0.285581112,0.481987834
Seq936,17,0.480015337,0.249209672,0.270774931
Seq937,27,0.406368464,0.303716838,0.289914757
Seq938,19,0.299723774,0.467772633,0.232503533
Seq939,44,0.596039772,0.357763439,0.046196755
Seq940,34,0.377536565,0.244205713,0.378257722
Seq941,24,0.49418059,0.269088894,0.236730486
Seq942,27,0.300012112,0.258693099,0.441294789
Seq943,18,0.364308536,0.203086823,0.432604641
Seq944,27,0.378353059,0.375035167,0.246611804
Seq945,67,0.484706998,0.32024765,0.195045337
Seq946,34,0.548700213,0.275720388,0.175579414
Seq947,41,0.381708086,0.379768759,0.23852317
Seq948,29,0.511354446,0.307167977,0.181477532
Seq949,25,0.504139185,0.330072671,0.165788159
Seq950,14,0.20969741,0.389556497,0.400746137
Seq951,86,0.484054804,0.419617891,0.096327275
Seq952,92,0.793215513,0.197374523,0.009409988
Seq953,14,0.253412008,0.231897637,0.51469034
Seq954,28,0.333218127,0.365804166,0.300977707
Seq955,85,0.515084505,0.327553123,0.157362327
Seq956,65,0.260455489,0.354481697,0.385062784
Seq957,15,0.293964177,0.311265945,0.394769877
Seq958,20,0.323219746,0.312401056,0.364379197
Seq959,41,0.335347503,0.286315352,0.378337145
Seq960,25,0.348555356,0.296032786,0.355411798
Seq961,60,0.521658003,0.341373116,0.136968926
Seq962,63,0.456911802,0.330004156,0.213084102
Seq963,13,0.238295957,0.405639827,0.35606426
Seq964,22,0.357927561,0.320206881,0.321865588
Seq965,29,0.405526608,0.391844541,0.202628851
Seq966,20,0.340704679,0.289947987,0.369347423
Seq967,52,0.465817541,0.359521598,0.174660921
Seq968,37,0.336795717,0.353329062,0.30987522
Seq969,35,0.401976109,0.328484714,0.269539148
Seq970,28,0.489695489,0.250613332,0.259691179
Seq971,158,0.589552224,0.372631222,0.037816599
Seq972,48,0.39036715,0.27762419,0.33200869
Seq973,82,0.51227957,0.458122462,0.02959794
Seq974,31,0.261820853,0.527776659,0.210402504
Seq975,38,0.371121198,0.364110619,0.264768273
Seq976,27,0.444708049,0.249977872,0.305314064
Seq977,24,0.303020924,0.354930878,0.342048228
Seq978,15,0.428497791,0.236086875,0.335415274
Seq979,20,0.234958366,0.476344198,0.288697422
Seq980,36,0.301320732,0.427968144,0.270711124
Seq981,18,0.298059106,0.335226238,0.366714686
Seq982,15,0.340346247,0.260929644,0.398724109
Seq983,42,0.615880251,0.306508541,0.077611163
Seq984,15,0.276646435,0.328566343,0.394787312
Seq985,32,0.322377264,0.374717712,0.302905053
Seq986,43,0.317964256,0.496638983,0.185396791
Seq987,24,0.357642591,0.26412788,0.378229529
Seq988,74,0.654168904,0.322513998,0.023317147
Seq989,99,0.610545039,0.363236427,0.026218563
Seq990,15,0.402189881,0.26527521,0.332534909
Seq991,69,0.426092774,0.334327132,0.239580035
Seq992,60,0.456857353,0.366919011,0.176223621
Seq993,51,0.32105583,0.420170903,0.258773297
Seq994,25,0.483937591,0.273770154,0.242292285
Seq995,20,0.482499123,0.314938754,0.202562124
Seq996,24,0.382246196,0.232665494,0.385088265
Seq997,28,0.239050344,0.470857829,0.290091872
Seq998,33,0.584808171,0.286086828,0.129104957
Seq999,17,0.362763762,0.385660231,0.251576066
Seq1000,17,0.375026226,0.247227401,0.377746373
Seq1001,34,0.22916621,0.287774146,0.483059645
Seq1002,23,0.494693458,0.271474689,0.233831912
Seq1003,30,0.484668195,0.287471324,0.227860495
Seq1004,46,0.521612763,0.27380839,0.204578817
Seq1005,17,0.394031942,0.246174872,0.359793186
Seq1006,25,0.299785018,0.253200144,0.447014838
Seq1007,12,0.257240504,0.383213371,0.359546125
Seq1008,31,0.220231399,0.329715878,0.450052708
Seq1009,78,0.577936769,0.329779983,0.092283241
Seq1010,37,0.375529945,0.344438285,0.28003183
Seq1011,23,0.565977037,0.26658687,0.167436048
Seq1012,33,0.272990823,0.375514567,0.35149461
Seq1013,25,0.457476735,0.35078156,0.191741735
Seq1014,43,0.42642504,0.240384445,0.333190471
Seq1015,11,0.284929842,0.348182768,0.366887391
Seq1016,24,0.395792872,0.259558409,0.344648808
Seq1017,11,0.328962803,0.197102532,0.47393468
Seq1018,40,0.493813753,0.326038748,0.180147514
Seq1019,15,0.403886497,0.278021216,0.318092316
Seq1020,44,0.476767391,0.300286263,0.222946271
Seq1021,18,0.352019221,0.265685409,0.38229537
Seq1022,38,0.440835536,0.370994955,0.188169524
Seq1023,35,0.408375472,0.326457202,0.265167326
Seq1024,20,0.45833236,0.27152735,0.270140201
Seq1025,31,0.480422527,0.280834705,0.238742828
Seq1026,48,0.605279028,0.277651221,0.117069736
Seq1027,25,0.31594637,0.313241065,0.370812505
Seq1028,56,0.816689491,0.097070284,0.086240247
Seq1029,40,0.325243324,0.359589964,0.315166771
Seq1030,22,0.329365194,0.303077936,0.36755681
Seq1031,20,0.272354037,0.247675836,0.479970068
Seq1032,25,0.366829693,0.2608248,0.372345507
Seq1033,16,0.212568119,0.493587077,0.293844849
Seq1034,14,0.253766268,0.296097189,0.450136542
Seq1035,56,0.697640359,0.272127897,0.030231711
Seq1036,104,0.572923422,0.324023485,0.103053093
Seq1037,12,0.351748228,0.242287606,0.405964077
Seq1038,75,0.547488391,0.253412366,0.199099213
Seq1039,11,0.358129442,0.287260979,0.354609549
Seq1040,39,0.613431633,0.275993556,0.110574819
Seq1041,19,0.475948572,0.249678969,0.274372458
Seq1042,20,0.529749691,0.269421935,0.200828388
Seq1043,34,0.424935222,0.421719372,0.153345391
Seq1044,52,0.337483793,0.285467625,0.377048612
Seq1045,47,0.304728001,0.456664205,0.238607779
Seq1046,43,0.395679414,0.374832958,0.229487538
Seq1047,18,0.228945553,0.365965605,0.405088842
Seq1048,34,0.552303672,0.273494571,0.174201742
Seq1049,43,0.384707659,0.252370238,0.362922132
Seq1050,82,0.414977044,0.516596735,0.068426229
Seq1051,24,0.356253445,0.316826493,0.326920033
Seq1052,14,0.415221661,0.240296125,0.344482183
Seq1053,13,0.407239377,0.237575054,0.355185539
Seq1054,15,0.341231287,0.258791625,0.399977118
Seq1055,21,0.284225732,0.215186566,0.500587702
Seq1056,48,0.623195648,0.349926889,0.026877431
Seq1057,21,0.647531867,0.297138631,0.055329476
Seq1058,11,0.333106607,0.24349311,0.423400283
Seq1059,15,0.286192387,0.212373674,0.501433909
Seq1060,24,0.366207838,0.234190926,0.399601221
Seq1061,30,0.321629167,0.4285537,0.249817103
Seq1062,41,0.402167171,0.377394855,0.220437959
Seq1063,49,0.288434952,0.385511786,0.326053262
Seq1064,39,0.418934345,0.295244694,0.285820991
Seq1065,54,0.315284014,0.461274743,0.223441303
Seq1066,47,0.653419673,0.311463475,0.035116844
Seq1067,34,0.466883659,0.358495742,0.174620584
Seq1068,46,0.436609328,0.403575212,0.159815431
Seq1069,36,0.590494573,0.269363075,0.140142336
Seq1070,31,0.563622236,0.334313482,0.102064334
Seq1071,17,0.331266224,0.274379224,0.394354582
Seq1072,29,0.352299482,0.271868467,0.375832051
Seq1073,35,0.40872249,0.403682679,0.187594831
Seq1074,32,0.496513009,0.297806114,0.205680922
Seq1075,35,0.55661118,0.298511714,0.144877106
Seq1076,25,0.327167749,0.336864531,0.335967749
Seq1077,48,0.566066027,0.330603689,0.103330247
Seq1078,20,0.361461759,0.280534297,0.358003974
Seq1079,17,0.443791866,0.241241485,0.314966679
Seq1080,20,0.471158952,0.271388233,0.257452875
Seq1081,39,0.27276352,0.25344947,0.47378704
Seq1082,25,0.372748643,0.347833902,0.279417545
Seq1083,23,0.483902007,0.295604289,0.220493749
Seq1084,33,0.561536312,0.312137276,0.126326367
Seq1085,52,0.454973191,0.200123593,0.34490326
Seq1086,33,0.407033503,0.313293278,0.279673219
Seq1087,33,0.461419374,0.394091696,0.144488886
Seq1088,43,0.330102026,0.406737387,0.263160557
Seq1089,11,0.390040159,0.244925812,0.365033954
Seq1090,13,0.508409321,0.255840033,0.23575063
Seq1091,55,0.30911541,0.220960081,0.46992448
Seq1092,17,0.413734257,0.257047355,0.329218358
Seq1093,17,0.226879433,0.340518326,0.432602227
Seq1094,29,0.427795857,0.276704311,0.295499802
Seq1095,34,0.252414256,0.313881695,0.433704078
Seq1096,30,0.493216693,0.232479081,0.274304241
Seq1097,78,0.340486854,0.261714429,0.397798657
Seq1098,57,0.39999482,0.374996692,0.225008532
Seq1099,13,0.403766066,0.264913708,0.331320256
Seq1100,30,0.36695075,0.321416229,0.311633021
Seq1101,36,0.279434085,0.378811777,0.341754168
Seq1102,22,0.253471494,0.325033516,0.421494961
Seq1103,64,0.395620853,0.487113506,0.117265671
Seq1104,23,0.252716541,0.390824318,0.356459111
Seq1105,43,0.46749121,0.336169183,0.196339637
Seq1106,71,0.516123295,0.418986619,0.064890057
Seq1107,14,0.299974293,0.238723248,0.461302459
Seq1108,23,0.310001403,0.24526526,0.444733322
Seq1109,21,0.296676666,0.289887667,0.413435757
Seq1110,67,0.358441353,0.376436025,0.265122652
Seq1111,69,0.374292642,0.370083481,0.255623847
Seq1112,78,0.603246152,0.242042974,0.154710948
Seq1113,23,0.390680015,0.24166882,0.367651135
Seq1114,25,0.262344927,0.371518552,0.366136521
Seq1115,17,0.313494056,0.249929577,0.436576366
Seq1116,11,0.256424874,0.403873056,0.339702129
Seq1117,57,0.429200411,0.307661206,0.263138354
Seq1118,78,0.598157942,0.347227097,0.054614946
Seq1119,35,0.312154949,0.331103593,0.356741399
Seq1120,34,0.516579986,0.292221487,0.191198543
Seq1121,44,0.478720993,0.342531592,0.178747416
Seq1122,27,0.38987115,0.303803146,0.306325734
Seq1123,53,0.422716975,0.448608994,0.128673926
Seq1124,35,0.293407291,0.312194467,0.394398212
Seq1125,44,0.362535954,0.335143089,0.302320957
Seq1126,63,0.461509347,0.3903175,0.148173109
Seq1127,34,0.381484419,0.303983599,0.314531982
Seq1128,39,0.451314509,0.281709939,0.266975552
Seq1129,22,0.342888445,0.252313435,0.40479809
Seq1130,18,0.260587841,0.242178336,0.497233868
Seq1131,49,0.545453608,0.404557317,0.049989056
Seq1132,11,0.270276308,0.320362538,0.409361154
Seq1133,23,0.262716502,0.343842179,0.393441319
Seq1134,42,0.516397476,0.282851785,0.200750723
Seq1135,23,0.332700074,0.351592332,0.315707564
Seq1136,12,0.228068113,0.220576927,0.551354945
Seq1137,43,0.332953423,0.363494039,0.303552538
Seq1138,24,0.359923661,0.242772058,0.397304296
Seq1139,17,0.423808992,0.255266726,0.320924282
Seq1140,39,0.302839667,0.257899016,0.439261377
Seq1141,14,0.380053341,0.22200489,0.397941738
Seq1142,52,0.475991189,0.339043617,0.184965119
Seq1143,12,0.323183805,0.292833894,0.383982301
Seq1144,13,0.276122779,0.325928062,0.397949189
Seq1145,61,0.570248902,0.410713881,0.019037172
Seq1146,21,0.257643938,0.424371868,0.317984223
Seq1147,22,0.49350372,0.243702054,0.262794226
Seq1148,27,0.34437272,0.342660785,0.312966496
Seq1149,28,0.356366962,0.219056249,0.424576819
Seq1150,30,0.391320527,0.33853057,0.270148903
Seq1151,24,0.473954946,0.314515144,0.211529955
Seq1152,50,0.529052019,0.351317853,0.119630083
Seq1153,43,0.339956194,0.437994212,0.222049609
Seq1154,19,0.314606249,0.243586108,0.441807687
Seq1155,38,0.331314117,0.280487388,0.388198525
Seq1156,19,0.273502856,0.330953151,0.395544022
Seq1157,31,0.440633148,0.312098175,0.247268707
Seq1158,47,0.316318214,0.254790723,0.428891003
Seq1159,18,0.365126997,0.305908382,0.328964651
Seq1160,87,0.580387473,0.268318981,0.151293531
Seq1161,15,0.258694023,0.235451102,0.505854905
Seq1162,32,0.615924835,0.285553634,0.098521583
Seq1163,12,0.274535865,0.353228658,0.372235477
Seq1164,31,0.314259499,0.271341294,0.414399266
Seq1165,16,0.40803802,0.251389742,0.340572208
Seq1166,18,0.282121986,0.292315811,0.425562143
Seq1167,33,0.241042987,0.492441803,0.266515225
Seq1168,30,0.457341641,0.32309857,0.219559729
Seq1169,18,0.303284049,0.243186936,0.45352903
Seq1170,34,0.389411569,0.475734264,0.134854138
Seq1171,15,0.287267953,0.331481218,0.381250799
Seq1172,12,0.415680021,0.268052667,0.316267341
Seq1173,49,0.363573462,0.384605229,0.25182122
Seq1174,47,0.431395203,0.435347676,0.133257091
Seq1175,18,0.274653465,0.3808074,0.344539136
Seq1176,122,0.484500974,0.416547,0.098952033
Seq1177,14,0.274985254,0.34740296,0.377611846
Seq1178,15,0.364984155,0.350090504,0.284925371
Seq1179,17,0.364798725,0.183836028,0.451365322
Seq1180,17,0.355175614,0.207731858,0.437092513
Seq1181,17,0.28883177,0.318752199,0.39241606
Seq1182,60,0.373859197,0.38683638,0.239304453
Seq1183,66,0.478256404,0.418230236,0.103513382
Seq1184,30,0.378371447,0.245678768,0.37594977
Seq1185,11,0.299509913,0.25592792,0.444562107
Seq1186,64,0.406542361,0.335247964,0.258209735
Seq1187,14,0.67505312,0.26212135,0.062825494
Seq1188,39,0.232075483,0.426184237,0.34174037
Seq1189,34,0.441985905,0.36771065,0.19030343
Seq1190,17,0.230948105,0.330006748,0.439045131
Seq1191,19,0.398746014,0.218873456,0.382380515
Seq1192,88,0.474352509,0.442519367,0.083128154
Seq1193,24,0.222414747,0.303530753,0.474054456
Seq1194,110,0.562124431,0.290020227,0.147855356
Seq1195,84,0.629447877,0.34454006,0.026012052
Seq1196,19,0.354979128,0.222143024,0.422877878
Seq1197,13,0.344955742,0.349111557,0.30593276
Seq1198,30,0.525455952,0.265051425,0.209492654
Seq1199,78,0.452556878,0.479001135,0.068442009
Seq1200,91,0.352084249,0.290155798,0.357759982
Seq1201,25,0.25374487,0.403758794,0.342496365
Seq1202,69,0.561813712,0.347847849,0.090338431
Seq1203,26,0.345827073,0.338832051,0.315340936
Seq1204,23,0.461481512,0.377283812,0.161234707
Seq1205,13,0.305040985,0.313573122,0.381385922
Seq1206,77,0.403702825,0.280417264,0.315879881
Seq1207,83,0.409638792,0.345651627,0.244709551
Seq1208,35,0.326468766,0.336053997,0.337477207
Seq1209,18,0.261458158,0.297468662,0.441073149
Seq1210,31,0.308206856,0.264600337,0.427192748
Seq1211,40,0.237545624,0.311164588,0.451289803
Seq1212,17,0.468893081,0.306551188,0.224555716
Seq1213,16,0.460289329,0.24683243,0.29287824
Seq1214,50,0.657745659,0.313063771,0.029190524
Seq1215,38,0.384112686,0.379109532,0.236777723
Seq1216,40,0.630909562,0.270760953,0.098329492
Seq1217,39,0.520617843,0.296138227,0.183243886
Seq1218,20,0.256341994,0.314473957,0.429184049
Seq1219,25,0.346925527,0.324933469,0.328140944
Seq1220,22,0.446078598,0.362479061,0.191442296
Seq1221,76,0.528457522,0.426582366,0.044960167
Seq1222,63,0.635161161,0.325419456,0.039419297
Seq1223,93,0.538859963,0.317065209,0.144074768
Seq1224,15,0.390331924,0.229967892,0.379700094
Seq1225,28,0.38229692,0.242717996,0.374985069
Seq1226,48,0.517221093,0.454332173,0.028446781
Seq1227,26,0.39077127,0.225843966,0.383384734
Seq1228,20,0.432591468,0.211234629,0.356173933
Seq1229,16,0.255882204,0.385885447,0.358232379
Seq1230,19,0.29538092,0.345332414,0.359286666
Seq1231,64,0.48696664,0.360199332,0.152833983
Seq1232,28,0.372850418,0.284602106,0.342547506
Seq1233,38,0.531250179,0.419772059,0.048977733
Seq1234,15,0.353982985,0.296688139,0.349328905
Seq1235,34,0.630287349,0.279950827,0.089761838
Seq1236,25,0.223943442,0.39798823,0.378068298
Seq1237,46,0.568893075,0.362896562,0.068210371
Seq1238,41,0.417524785,0.372711509,0.20976375
Seq1239,33,0.374191195,0.410407841,0.215401068
Seq1240,20,0.274530649,0.213847727,0.511621594
Seq1241,32,0.357614398,0.289629906,0.352755725
Seq1242,14,0.323950708,0.266743124,0.409306139
Seq1243,25,0.2713947,0.251979411,0.476626009
Seq1244,72,0.386950016,0.381759226,0.231290802
Seq1245,34,0.243018806,0.430790603,0.326190591
Seq1246,52,0.463574767,0.283082813,0.25334242
Seq1247,14,0.240383744,0.427980602,0.331635684
Seq1248,36,0.408426881,0.318242133,0.273330897
Seq1249,24,0.3041825,0.391802311,0.30401516
Seq1250,35,0.295233101,0.527984798,0.176782057
Seq1251,12,0.419070452,0.28770411,0.293225437
Seq1252,35,0.398405641,0.40704906,0.194545224
Seq1253,82,0.461278319,0.408986419,0.129735291
Seq1254,12,0.282245696,0.329974681,0.387779593
Seq1255,22,0.319133669,0.411794871,0.269071519
Seq1256,25,0.301986754,0.2771689,0.420844316
Seq1257,29,0.432723135,0.243039951,0.324236929
Seq1258,12,0.327339619,0.290033847,0.382626504
Seq1259,39,0.487319171,0.301607996,0.211072862
Seq1260,12,0.259515554,0.341639936,0.39884451
Seq1261,21,0.490582526,0.302838981,0.206578508
Seq1262,19,0.335841954,0.229227453,0.434930593
Seq1263,22,0.35509187,0.259617358,0.385290772
Seq1264,35,0.296319932,0.351571143,0.352108896
Seq1265,30,0.258182287,0.234704539,0.507113159
Seq1266,71,0.491559237,0.346623927,0.161816835
Seq1267,29,0.456445873,0.298856795,0.244697303
Seq1268,14,0.232037857,0.402747631,0.365214527
Seq1269,24,0.292057842,0.33211413,0.375827998
Seq1270,23,0.479830056,0.275424868,0.244745016
Seq1271,75,0.351317614,0.548038781,0.100643672
Seq1272,69,0.493596077,0.320345104,0.186058879
Seq1273,39,0.359971464,0.465788037,0.174240515
Seq1274,67,0.492299706,0.318056673,0.189643621
Seq1275,32,0.440785944,0.296622097,0.262591958
Seq1276,34,0.382286251,0.297161728,0.320552051
Seq1277,42,0.603689492,0.325000435,0.071310058
Seq1278,46,0.580641389,0.317985743,0.101372845
Seq1279,48,0.583887577,0.359519631,0.056592837
Seq1280,29,0.482734233,0.340772808,0.176492915
Seq1281,85,0.511250257,0.283217877,0.205531836
Seq1282,32,0.303210825,0.304864734,0.391924351
Seq1283,49,0.515919328,0.395922363,0.088158369
Seq1284,23,0.376384139,0.256148934,0.367466897
Seq1285,17,0.306430012,0.269462913,0.424107075
Seq1286,61,0.452309161,0.407180518,0.140510336
Seq1287,26,0.494956672,0.310627729,0.194415584
Seq1288,18,0.410824597,0.218541056,0.370634288
Seq1289,19,0.313907772,0.261025876,0.425066262
Seq1290,22,0.457317024,0.285752356,0.256930679
Seq1291,51,0.378525466,0.389232218,0.232242316
Seq1292,29,0.287073523,0.466522634,0.246403813
Seq1293,56,0.379283309,0.335936904,0.284779847
Seq1294,17,0.395071119,0.245156571,0.359772325
Seq1295,37,0.397719532,0.454131007,0.148149446
Seq1296,124,0.63212961,0.349519044,0.018351337
Seq1297,13,0.473154604,0.277275652,0.249569744
Seq1298,35,0.28290686,0.342712194,0.374380916
Seq1299,20,0.441098571,0.275717974,0.283183485
Seq1300,41,0.424306095,0.306772858,0.268921107
Seq1301,45,0.378746986,0.366145223,0.25510785
Seq1302,104,0.605312228,0.240956798,0.153731003
Seq1303,14,0.40927422,0.240715668,0.350010097
Seq1304,28,0.481292903,0.353166044,0.165541112
Seq1305,66,0.456132352,0.33988145,0.203986108
Seq1306,70,0.376335859,0.437576711,0.18608743
Seq1307,47,0.342604339,0.314596593,0.342799038
Seq1308,19,0.431764185,0.183062777,0.385173023
Seq1309,20,0.32787928,0.240743682,0.431377053
Seq1310,42,0.446979523,0.306153119,0.246867284
Seq1311,41,0.498345017,0.340610385,0.161044598
Seq1312,34,0.457757711,0.280173212,0.262069136
Seq1313,88,0.610725045,0.273412138,0.115862839
Seq1314,24,0.299736321,0.31437251,0.385891169
Seq1315,31,0.387726039,0.277576983,0.334696949
Seq1316,27,0.237977251,0.400181502,0.361841261
Seq1317,29,0.628699303,0.274471074,0.096829623
Seq1318,15,0.274653196,0.311939776,0.413407058
Seq1319,53,0.355902702,0.366074979,0.278022349
Seq1320,16,0.296829522,0.291932613,0.411237836
Seq1321,32,0.45953691,0.269911587,0.270551503
Seq1322,34,0.291313589,0.291556299,0.417130172
Seq1323,130,0.391728193,0.401487738,0.206784055
Seq1324,32,0.339872897,0.301837564,0.35828954
Seq1325,19,0.397754848,0.17258504,0.429660141
Seq1326,11,0.238771632,0.362245053,0.398983389
Seq1327,32,0.447367281,0.254070848,0.298561871
Seq1328,15,0.344732791,0.285274595,0.369992584
Seq1329,25,0.400179893,0.317301661,0.282518387
Seq1330,19,0.423413634,0.2430121,0.333574265
Seq1331,11,0.300379992,0.319058567,0.380561441
Seq1332,17,0.328632265,0.383949518,0.287418246
Seq1333,25,0.365938067,0.369695783,0.26436618
Seq1334,24,0.422225624,0.246846631,0.3309277
Seq1335,17,0.444190085,0.268031299,0.287778556
Seq1336,32,0.352982342,0.229600802,0.417416811
Seq1337,11,0.353230536,0.250962138,0.395807356
Seq1338,21,0.273703277,0.38623628,0.340060413
Seq1339,62,0.437340945,0.323292434,0.239366576
Seq1340,28,0.4692505,0.251509339,0.279240191
Seq1341,32,0.417483479,0.276341021,0.3061755
Seq1342,19,0.309232056,0.37179324,0.318974704
Seq1343,49,0.476584524,0.242608741,0.28080678
Seq1344,29,0.381206214,0.348080575,0.27071321
Seq1345,22,0.348909229,0.275263488,0.375827283
Seq1346,37,0.537629604,0.224021614,0.238348752
Seq1347,15,0.387227297,0.223378748,0.389393955
Seq1348,61,0.379440486,0.338098317,0.282461166
Seq1349,37,0.305172563,0.461062908,0.233764455
Seq1350,22,0.344938219,0.343208969,0.311852813
Seq1351,21,0.312930107,0.228051737,0.459018081
Seq1352,11,0.359262139,0.248593166,0.39214474
Seq1353,59,0.329481989,0.290152192,0.380365849
Seq1354,14,0.280896395,0.261018574,0.45808503
Seq1355,22,0.230012715,0.35186702,0.418120205
Seq1356,37,0.496964157,0.303569019,0.199466795
Seq1357,18,0.244142368,0.441196382,0.314661294
Seq1358,132,0.718199313,0.26830104,0.013499691
Seq1359,26,0.385232717,0.244817883,0.3699494
Seq1360,64,0.369209975,0.402867466,0.227922529
Seq1361,18,0.315168977,0.320982188,0.363848776
Seq1362,26,0.386411548,0.265176445,0.348412097
Seq1363,12,0.344397694,0.355431467,0.300170839
Seq1364,13,0.258328021,0.307967871,0.433704138
Seq1365,17,0.359905601,0.308962971,0.331131339
Seq1366,29,0.4350833,0.216492057,0.348424643
Seq1367,26,0.31096983,0.285769165,0.403261006
Seq1368,73,0.593114078,0.360622883,0.046263054
Seq1369,46,0.689821899,0.247074217,0.063103959
Seq1370,37,0.422687322,0.320660084,0.256652564
Seq1371,15,0.347642362,0.251772135,0.400585502
Seq1372,28,0.309343278,0.256277382,0.434379339
Seq1373,52,0.389030874,0.401931435,0.209037632
Seq1374,19,0.334860384,0.271974832,0.393164784
Seq1375,14,0.278946012,0.205484793,0.51556921
Seq1376,28,0.373606116,0.281704873,0.344688982
Seq1377,21,0.463095546,0.235004514,0.30189997
Seq1378,35,0.459846795,0.294678539,0.245474637
Seq1379,32,0.444357812,0.270827025,0.284815133
Seq1380,72,0.355732501,0.395286947,0.248980537
Seq1381,22,0.28799361,0.27697438,0.43503195
Seq1382,32,0.575253844,0.292168885,0.1325773
Seq1383,21,0.256934345,0.356493473,0.386572212
Seq1384,14,0.373066157,0.250962406,0.375971437
Seq1385,34,0.401009381,0.40011555,0.19887501
Seq1386,26,0.539000034,0.251541346,0.209458634
Seq1387,23,0.271963537,0.25093928,0.477097124
Seq1388,11,0.47138685,0.248129785,0.280483395
Seq1389,55,0.51933831,0.266925693,0.213736013
Seq1390,27,0.575729132,0.290453196,0.133817643
Seq1391,11,0.343340397,0.213348344,0.443311274
Seq1392,26,0.525898218,0.260756642,0.213345155
Seq1393,36,0.35289377,0.206972137,0.440134048
Seq1394,28,0.527639568,0.239731699,0.232628703
Seq1395,14,0.278092027,0.292244345,0.429663658
Seq1396,53,0.486884892,0.356865764,0.156249419
Seq1397,27,0.356928945,0.277510971,0.365560114
Seq1398,26,0.395689845,0.277521133,0.326789051
Seq1399,23,0.520630717,0.324567765,0.154801548
Seq1400,30,0.263884634,0.299872696,0.43624267
Seq1401,25,0.263546348,0.444214731,0.292238981
Seq1402,15,0.406708002,0.233858824,0.359433115
Seq1403,63,0.542107701,0.334853381,0.12303894
Seq1404,41,0.374473453,0.45566231,0.169864357
Seq1405,21,0.301217377,0.440552562,0.258230031
Seq1406,14,0.288171709,0.258356333,0.453471988
Seq1407,18,0.325716347,0.390678525,0.283605099
Seq1408,27,0.2427755,0.301271647,0.455952853
Seq1409,49,0.503740191,0.341367096,0.154892668
Seq1410,29,0.556557238,0.297110319,0.146332473
Seq1411,19,0.4741759,0.255072743,0.270751327
Seq1412,12,0.302902341,0.161332384,0.53576529
Seq1413,33,0.266671866,0.363593102,0.369734973
Seq1414,29,0.396332353,0.248736188,0.354931474
Seq1415,24,0.366950989,0.286895126,0.346153915
Seq1416,28,0.401270121,0.232810825,0.365919024
Seq1417,21,0.280869961,0.269773006,0.449357003
Seq1418,20,0.232187182,0.414447755,0.353365064
Seq1419,18,0.272279769,0.335181117,0.392539203
Seq1420,28,0.461281866,0.26307711,0.275640965
Seq1421,28,0.396695763,0.281343132,0.321961105
Seq1422,32,0.33253181,0.244907141,0.42256102
Seq1423,17,0.308461279,0.215791181,0.475747585
Seq1424,50,0.42660892,0.291034192,0.282356948
Seq1425,18,0.255610049,0.341459095,0.402930856
Seq1426,42,0.511315703,0.306140512,0.182543755
Seq1427,12,0.32644394,0.210532829,0.463023245
Seq1428,30,0.293441564,0.256408989,0.450149447
Seq1429,35,0.341489971,0.363703549,0.294806451
Seq1430,27,0.476109296,0.3234635,0.200427145
Seq1431,120,0.446566164,0.507587314,0.045846567
Seq1432,13,0.251594871,0.347748637,0.400656521
Seq1433,63,0.429814726,0.322184443,0.248000845
Seq1434,46,0.322710395,0.275973767,0.401315898
Seq1435,23,0.28998524,0.258678824,0.451335967
Seq1436,25,0.449648589,0.331525147,0.218826234
Seq1437,19,0.519780874,0.281509876,0.198709279
Seq1438,39,0.570173979,0.323669016,0.106156953
Seq1439,29,0.251605779,0.350300401,0.39809376
Seq1440,20,0.334242761,0.250740707,0.415016443
Seq1441,40,0.534174919,0.360809475,0.105015554
Seq1442,52,0.31821844,0.216603473,0.465178102
Seq1443,31,0.372753888,0.253713042,0.37353304
Seq1444,24,0.261159301,0.314633518,0.424207151
Seq1445,24,0.343063891,0.410230905,0.246705294
Seq1446,23,0.342297554,0.237640128,0.420062333
Seq1447,20,0.436113805,0.265341192,0.298545033
Seq1448,145,0.48812291,0.407915264,0.103961848
Seq1449,34,0.505007565,0.391138375,0.10385409
Seq1450,172,0.712748945,0.280403435,0.006847651
Seq1451,11,0.349309653,0.28082478,0.369865596
Seq1452,62,0.459074616,0.412376225,0.128549159
Seq1453,30,0.398172528,0.237210035,0.364617467
Seq1454,62,0.419888318,0.401017755,0.179093912
Seq1455,49,0.255640924,0.494498491,0.249860525
Seq1456,30,0.26972577,0.265918195,0.464356124
Seq1457,22,0.401105076,0.282415122,0.316479832
Seq1458,23,0.374138236,0.226249442,0.399612308
Seq1459,14,0.28025648,0.307083637,0.412659883
Seq1460,23,0.345300823,0.196636379,0.458062768
Seq1461,51,0.605813026,0.294921905,0.099265091
Seq1462,33,0.546059191,0.332489491,0.121451356
Seq1463,68,0.405841738,0.346978933,0.247179374
Seq1464,33,0.398506105,0.290293604,0.311200261
Seq1465,36,0.277187586,0.360546947,0.362265497
Seq1466,17,0.345553219,0.303865522,0.350581229
Seq1467,25,0.271941513,0.368012011,0.360046446
Seq1468,11,0.334367812,0.310340434,0.355291784
Seq1469,22,0.333012789,0.257492036,0.409495145
Seq1470,21,0.288440377,0.249873772,0.461685836
Seq1471,18,0.427581877,0.33291012,0.239508033
Seq1472,38,0.511090815,0.306372762,0.182536453
Seq1473,24,0.230351061,0.416136891,0.353512079
Seq1474,22,0.329298317,0.225459278,0.445242405
Seq1475,25,0.39314577,0.28532514,0.321529061
Seq1476,27,0.448590487,0.295415699,0.255993873
Seq1477,50,0.223957598,0.343699247,0.432343096
Seq1478,11,0.2685076,0.327903926,0.403588593
Seq1479,84,0.473016381,0.444279999,0.082703635
Seq1480,15,0.219066903,0.454247385,0.326685816
Seq1481,40,0.441039562,0.340264916,0.218695506
Seq1482,32,0.462525159,0.276570082,0.260904729
Seq1483,30,0.412661672,0.269173443,0.318164855
Seq1484,43,0.466652572,0.387039632,0.146307796
Seq1485,16,0.442482412,0.26663959,0.290877998
Seq1486,15,0.272737801,0.216238871,0.511023283
Seq1487,65,0.505348146,0.375885695,0.118766233
Seq1488,21,0.335249662,0.377313495,0.287436783
Seq1489,50,0.583550036,0.27208215,0.144367769
Seq1490,18,0.32819429,0.251144588,0.420661122
Seq1491,30,0.36705184,0.225213394,0.407734782
Seq1492,34,0.303400666,0.31123057,0.385368794
Seq1493,11,0.335008144,0.256604552,0.408387274
Seq1494,13,0.304837734,0.211485729,0.483676523
Seq1495,33,0.360616356,0.248111278,0.391272336
Seq1496,15,0.38976568,0.225077689,0.385156602
Seq1497,17,0.246527925,0.454140931,0.299331129
Seq1498,39,0.283458471,0.297223151,0.419318438
Seq1499,25,0.3199009,0.289738804,0.390360355
Seq1500,26,0.382734656,0.232992902,0.384272456
Seq1501,11,0.39917618,0.160863623,0.439960182
Seq1502,70,0.651959479,0.336307436,0.011733082
Seq1503,57,0.351115704,0.287691563,0.361192703
Seq1504,108,0.328837097,0.497157842,0.174005046
Seq1505,59,0.444520295,0.292478442,0.263001233
Seq1506,29,0.410544962,0.368641168,0.22081387
Seq1507,34,0.388189793,0.245409191,0.366401076
Seq1508,13,0.338243395,0.281713933,0.380042672
Seq1509,37,0.361177534,0.327815384,0.311007112
Seq1510,38,0.48676306,0.363685697,0.149551243
Seq1511,45,0.306408733,0.358657718,0.334933519
Seq1512,26,0.336740911,0.484370768,0.178888336
Seq1513,21,0.406149715,0.305093527,0.288756758
Seq1514,20,0.342424273,0.253276974,0.404298753
Seq1515,18,0.355123073,0.284356862,0.360520095
Seq1516,20,0.286663175,0.396131665,0.317205191
Seq1517,100,0.525633752,0.356421858,0.11794436
Seq1518,39,0.447417289,0.274141192,0.278441489
Seq1519,18,0.308713853,0.207619309,0.483666867
Seq1520,67,0.607366741,0.36411351,0.028519733
Seq1521,15,0.277447611,0.298481762,0.424070626
Seq1522,34,0.302059084,0.300668955,0.397271991
Seq1523,26,0.276825696,0.317154914,0.406019419
Seq1524,26,0.262304813,0.27091226,0.466782957
Seq1525,23,0.474553168,0.256767988,0.268678784
Seq1526,49,0.445578992,0.340007097,0.214413941
Seq1527,35,0.382199734,0.24608919,0.371711046
Seq1528,29,0.275599808,0.337229252,0.38717097
Seq1529,18,0.325357884,0.264442354,0.410199761
Seq1530,39,0.572714567,0.307402134,0.119883314
Seq1531,23,0.50971663,0.20711571,0.28316772
Seq1532,76,0.594475687,0.344995916,0.060528491
Seq1533,35,0.338468343,0.308123678,0.353407949
Seq1534,29,0.49184832,0.298174679,0.209977016
Seq1535,21,0.297105581,0.303363085,0.399531424
Seq1536,36,0.576791763,0.333681822,0.089526437
Seq1537,30,0.287262142,0.445776969,0.266960889
Seq1538,33,0.489421844,0.373633206,0.136945054
Seq1539,42,0.492223501,0.320505977,0.187270477
Seq1540,51,0.401812285,0.309004188,0.289183468
Seq1541,48,0.476494312,0.305459797,0.218045846
Seq1542,81,0.622423589,0.373213977,0.004362473
Seq1543,30,0.480403781,0.329795599,0.189800665
Seq1544,32,0.592496932,0.302039057,0.105463997
Seq1545,25,0.254772156,0.292575419,0.452652425
Seq1546,11,0.27116558,0.298806548,0.430027872
Seq1547,13,0.324459851,0.236983985,0.438556194
Seq1548,23,0.254595697,0.334026963,0.411377311
Seq1549,25,0.381878495,0.26690644,0.351215094
Seq1550,34,0.488571078,0.238682181,0.272746742
Seq1551,14,0.356531829,0.240125954,0.403342217
Seq1552,44,0.533275783,0.318328053,0.148396194
Seq1553,23,0.290105999,0.239463151,0.470430851
Seq1554,53,0.284077913,0.43234849,0.283573568
Seq1555,61,0.418604106,0.297182083,0.284213811
Seq1556,61,0.741425872,0.24520269,0.013371438
Seq1557,63,0.485772997,0.442224443,0.072002567
Seq1558,20,0.328555763,0.27117908,0.400265187
Seq1559,25,0.533308268,0.310857296,0.155834436
Seq1560,60,0.595920146,0.331803977,0.072275907
Seq1561,26,0.481877476,0.285124242,0.232998297
Seq1562,41,0.377607018,0.269401312,0.3529917
Seq1563,13,0.286911637,0.217295915,0.495792449
Seq1564,25,0.311077386,0.308351725,0.380570859
Seq1565,34,0.526285112,0.300943643,0.172771201
Seq1566,35,0.360879064,0.404644072,0.234476894
Seq1567,31,0.471745938,0.240751147,0.287502885
Seq1568,29,0.361102968,0.247044504,0.391852498
Seq1569,18,0.279493213,0.298371434,0.422135264
Seq1570,14,0.306979716,0.288849145,0.404171109
Seq1571,17,0.365961373,0.243340656,0.390697926
Seq1572,60,0.27533865,0.398020864,0.326640487
Seq1573,102,0.524186671,0.417800874,0.058012478
Seq1574,16,0.371330887,0.266832829,0.361836284
Seq1575,33,0.319372237,0.370226026,0.310401678
Seq1576,35,0.423976064,0.298340827,0.277683109
Seq1577,27,0.395502657,0.295057476,0.309439927
Seq1578,19,0.304765612,0.327030063,0.368204296
Seq1579,31,0.29704991,0.223266229,0.479683816
Seq1580,50,0.305262595,0.507002592,0.187734887
Seq1581,76,0.503816664,0.360084474,0.136098862
Seq1582,26,0.401481986,0.204941317,0.393576741
Seq1583,23,0.30411303,0.232182413,0.463704526
Seq1584,11,0.338692248,0.264146328,0.397161424
Seq1585,25,0.36948359,0.227928191,0.402588189
Seq1586,25,0.481747359,0.274837375,0.243415251
Seq1587,25,0.478641957,0.293539494,0.227818593
Seq1588,22,0.556044221,0.273658514,0.17029725
Seq1589,42,0.496707439,0.322732925,0.18055965
Seq1590,38,0.457212269,0.321529031,0.22125873
Seq1591,30,0.431548417,0.289015532,0.279436052
Seq1592,31,0.442489177,0.323356092,0.234154701
Seq1593,17,0.283397347,0.263457179,0.453145474
Seq1594,28,0.478791565,0.274015635,0.247192755
Seq1595,13,0.327628493,0.248702422,0.42366904
Seq1596,18,0.242122486,0.328166485,0.429711074
Seq1597,13,0.32671538,0.318266958,0.355017692
Seq1598,25,0.353246748,0.321335644,0.325417578
Seq1599,22,0.476295739,0.252590686,0.271113545
Seq1600,15,0.36596337,0.297361284,0.336675346
Seq1601,19,0.289648414,0.251813531,0.458538115
Seq1602,55,0.439148873,0.312512666,0.248338386
Seq1603,76,0.360115856,0.35426411,0.285620034
Seq1604,43,0.265455961,0.386298746,0.348245263
Seq1605,41,0.615952313,0.2517865,0.132261157
Seq1606,26,0.507595897,0.295174271,0.197229907
Seq1607,23,0.333566576,0.281166881,0.385266572
Seq1608,49,0.681707501,0.302461803,0.015830664
Seq1609,26,0.289840043,0.358810931,0.351348996
Seq1610,43,0.514641464,0.402573347,0.082785212
Seq1611,68,0.60909313,0.333140254,0.057766624
Seq1612,26,0.453101754,0.298431695,0.248466596
Seq1613,30,0.558448493,0.349398583,0.092152923
Seq1614,65,0.446803838,0.380397528,0.172798634
Seq1615,30,0.36045593,0.25744918,0.38209492
Seq1616,13,0.298253328,0.276078492,0.42566818
Seq1617,16,0.227512419,0.391533345,0.380954266
Seq1618,64,0.549144864,0.299975306,0.150879785
Seq1619,17,0.246481925,0.50302726,0.250490874
Seq1620,21,0.436460793,0.292516202,0.271022975
Seq1621,45,0.315016419,0.477287203,0.207696378
Seq1622,23,0.261453718,0.332779557,0.405766696
Seq1623,21,0.528690398,0.294980854,0.176328689
Seq1624,31,0.419819862,0.235838905,0.344341248
Seq1625,32,0.42811811,0.264339328,0.307542562
Seq1626,42,0.467612952,0.334314138,0.198072955
Seq1627,24,0.49011451,0.228771284,0.281114161
Seq1628,54,0.408435881,0.287905455,0.303658664
Seq1629,22,0.315436304,0.318151146,0.36641252
Seq1630,38,0.538394928,0.346334726,0.115270324
Seq1631,29,0.388713926,0.264551491,0.346734613
Seq1632,23,0.400261819,0.295692563,0.304045618
Seq1633,76,0.461131036,0.342555314,0.196313605
Seq1634,29,0.376474768,0.325754136,0.297771066
Seq1635,51,0.373743653,0.298062593,0.328193814
Seq1636,17,0.282363594,0.331104875,0.386531591
Seq1637,67,0.390953034,0.287857562,0.321189433
Seq1638,24,0.276536852,0.426064909,0.29739821
Seq1639,56,0.340618849,0.474123001,0.185258165
Seq1640,51,0.463644236,0.493736923,0.042618804
Seq1641,15,0.265044928,0.313824773,0.421130329
Seq1642,28,0.488525718,0.26703769,0.244436577
Seq1643,41,0.445994735,0.328661501,0.225343794
Seq1644,23,0.335416615,0.203702807,0.460880607
Seq1645,11,0.292364955,0.364114225,0.34352079
Seq1646,24,0.41130802,0.251367688,0.337324291
Seq1647,23,0.443592101,0.310449541,0.245958328
Seq1648,22,0.590766072,0.233671173,0.175562769
Seq1649,25,0.223123074,0.376490951,0.400385916
Seq1650,30,0.486584514,0.302364051,0.211051464
Seq1651,56,0.364538878,0.298839927,0.336621195
Seq1652,20,0.320667386,0.21976465,0.459568024
Seq1653,54,0.312348872,0.462023973,0.225627154
Seq1654,65,0.565819263,0.351247311,0.082933441
Seq1655,17,0.305101871,0.248163223,0.446734846
Seq1656,17,0.324522257,0.233782977,0.441694736
Seq1657,16,0.291255862,0.219980583,0.488763511
Seq1658,37,0.278481632,0.461966723,0.259551615
Seq1659,27,0.404373437,0.323915601,0.271710992
Seq1660,44,0.293882668,0.349858046,0.356259257
Seq1661,37,0.533923149,0.279980958,0.186095893
Seq1662,13,0.318583339,0.305132955,0.376283675
Seq1663,96,0.466414273,0.296672285,0.236913517
Seq1664,67,0.389258206,0.373625249,0.237116471
Seq1665,72,0.621317863,0.363257915,0.01542422
Seq1666,38,0.475938469,0.29457441,0.229487136
Seq1667,109,0.674313664,0.285557717,0.040128548
Seq1668,66,0.474656165,0.446198821,0.079145014
Seq1669,44,0.435955286,0.33340624,0.230638534
Seq1670,18,0.535693586,0.288307846,0.175998569
Seq1671,13,0.490665615,0.287403136,0.221931234
Seq1672,11,0.424425304,0.241300017,0.33427465
Seq1673,13,0.468076974,0.227639213,0.304283828
Seq1674,19,0.292533308,0.281026036,0.426440716
Seq1675,34,0.3722381,0.261257559,0.366504341
Seq1676,20,0.280983061,0.285982519,0.43303445
Seq1677,11,0.190946028,0.482074201,0.326979697
Seq1678,63,0.372403443,0.345602691,0.281993866
Seq1679,19,0.267049521,0.245181561,0.487768918
Seq1680,44,0.30403319,0.396627992,0.299338788
Seq1681,37,0.638975263,0.28941077,0.071613975
Seq1682,43,0.301374257,0.301825494,0.39680028
Seq1683,36,0.368482113,0.337384194,0.294133663
Seq1684,22,0.481627047,0.323151022,0.195221901
Seq1685,11,0.296558738,0.256036401,0.447404921
Seq1686,34,0.339313537,0.484194517,0.176491901
Seq1687,53,0.617847741,0.345497072,0.036655232
Seq1688,38,0.371365696,0.30096224,0.327672064
Seq1689,32,0.478481084,0.245212629,0.276306212
Seq1690,14,0.327767909,0.35165441,0.320577621
Seq1691,40,0.503255546,0.347750247,0.148994207
Seq1692,59,0.365712762,0.296812415,0.337474793
Seq1693,66,0.5406757,0.384378403,0.074945875
Seq1694,29,0.223858386,0.28449586,0.491645783
Seq1695,40,0.397273123,0.28722015,0.315506667
Seq1696,54,0.319540679,0.389146328,0.291312963
Seq1697,21,0.232029006,0.326503366,0.441467583
Seq1698,14,0.372664452,0.263204545,0.364131033
Seq1699,29,0.453943253,0.29307577,0.252980977
Seq1700,22,0.451654017,0.280182749,0.268163204
Seq1701,13,0.270555496,0.326619625,0.402824908
Seq1702,93,0.556128681,0.398943573,0.044927686
Seq1703,16,0.283704847,0.233194202,0.483100981
Seq1704,79,0.26864022,0.408966631,0.322393149
Seq1705,44,0.505824089,0.336600423,0.157575563
Seq1706,117,0.635366559,0.347600579,0.017032893
Seq1707,49,0.269829988,0.57295841,0.157211587
Seq1708,26,0.497701287,0.276617348,0.22568129
Seq1709,22,0.330850303,0.294471592,0.374678105
Seq1710,14,0.462806374,0.262154967,0.27503863
Seq1711,29,0.391065836,0.356304109,0.252630085
Seq1712,15,0.295799941,0.24577266,0.45842734
Seq1713,19,0.230107307,0.439224362,0.33066836
Seq1714,37,0.628733277,0.296500683,0.074766025
Seq1715,17,0.344488233,0.270737708,0.384774119
Seq1716,20,0.275316894,0.326257527,0.398425639
Seq1717,30,0.465419114,0.321779042,0.212801918
Seq1718,24,0.307780325,0.374688864,0.317530811
Seq1719,21,0.389651,0.300967455,0.309381545
Seq1720,15,0.231025904,0.416829586,0.35214448
Seq1721,34,0.378596991,0.406050235,0.215352744
Seq1722,16,0.378200173,0.267140955,0.354658842
Seq1723,68,0.411938548,0.346998721,0.24106276
Seq1724,20,0.317362547,0.363215417,0.319422066
Seq1725,32,0.455249906,0.261796474,0.28295359
Seq1726,60,0.438093573,0.519549191,0.042357199
Seq1727,53,0.260792643,0.340177149,0.399030268
Seq1728,29,0.505002618,0.245053247,0.249944061
Seq1729,11,0.248825997,0.262448102,0.48872593
Seq1730,23,0.344948143,0.291624069,0.363427848
Seq1731,28,0.408171803,0.239154413,0.352673799
Seq1732,18,0.271905392,0.337626636,0.390467972
Seq1733,37,0.443855256,0.352688462,0.203456298
Seq1734,22,0.283056766,0.310955644,0.405987531
Seq1735,24,0.404565871,0.317269146,0.278164953
Seq1736,61,0.578427434,0.37494719,0.046625376
Seq1737,49,0.627273798,0.243644089,0.129082054
Seq1738,42,0.46182552,0.374276191,0.163898334
Seq1739,23,0.259591728,0.349916071,0.39049226
Seq1740,49,0.525929987,0.349116623,0.124953412
Seq1741,17,0.281140625,0.318765998,0.400093406
Seq1742,12,0.261734933,0.334225088,0.404039949
Seq1743,18,0.248959526,0.429061592,0.321978867
Seq1744,43,0.37715894,0.261122733,0.361718357
Seq1745,18,0.25537169,0.373460501,0.371167779
Seq1746,13,0.417769313,0.256211936,0.32601881
Seq1747,29,0.279042035,0.388293177,0.332664847
Seq1748,40,0.596654415,0.344752699,0.058592904
Seq1749,21,0.374873579,0.243942812,0.381183594
Seq1750,60,0.60027808,0.377474666,0.022247272
Seq1751,21,0.392082304,0.298304319,0.309613347
Seq1752,19,0.221287996,0.43419373,0.344518274
Seq1753,49,0.560609162,0.323006928,0.116383925
Seq1754,17,0.29428941,0.311067969,0.394642651
Seq1755,19,0.254970998,0.331675202,0.413353771
Seq1756,21,0.251534343,0.410594583,0.337871164
Seq1757,19,0.366481274,0.278303862,0.355214924
Seq1758,17,0.247168839,0.303233624,0.449597597
Seq1759,31,0.573927045,0.340891957,0.085181013
Seq1760,15,0.214912355,0.442448437,0.342639208
Seq1761,13,0.230149269,0.399682134,0.370168537
Seq1762,19,0.308787376,0.288501114,0.4027116
Seq1763,22,0.600147367,0.300903648,0.098948911
Seq1764,31,0.476535678,0.354892671,0.168571696
Seq1765,25,0.34084785,0.325187773,0.333964348
Seq1766,19,0.297717124,0.237809077,0.464473754
Seq1767,44,0.332747787,0.233935505,0.433316678
Seq1768,64,0.397437304,0.411993593,0.190569118
Seq1769,27,0.28537935,0.382156938,0.332463652
Seq1770,25,0.334929317,0.341367573,0.323703021
Seq1771,12,0.282150596,0.307474554,0.41037485
Seq1772,14,0.441087544,0.265988022,0.292924464
Seq1773,30,0.428802699,0.257573396,0.313623905
Seq1774,15,0.435305595,0.239631072,0.325063318
Seq1775,24,0.238913834,0.374722987,0.386363119
Seq1776,62,0.392228484,0.321894974,0.285876483
Seq1777,27,0.495032907,0.352102876,0.152864277
Seq1778,24,0.495693833,0.298525989,0.205780193
Seq1779,16,0.193805024,0.490049064,0.316145897
Seq1780,40,0.420013368,0.376257718,0.203728959
Seq1781,33,0.364372194,0.393640965,0.241986811
Seq1782,46,0.462039381,0.359283566,0.178677037
Seq1783,37,0.445891082,0.395197481,0.158911377
Seq1784,46,0.44744125,0.35036692,0.202191845
Seq1785,25,0.395424247,0.394240171,0.210335657
Seq1786,68,0.408941776,0.357445508,0.233612671
Seq1787,26,0.387495428,0.341832191,0.270672441
Seq1788,21,0.322871447,0.408749163,0.26837939
Seq1789,19,0.255536526,0.342514485,0.401948988
Seq1790,19,0.278052062,0.436734289,0.285213619
Seq1791,36,0.41957128,0.363123715,0.217305019
Seq1792,13,0.289713144,0.399708778,0.310578078
Seq1793,24,0.402534693,0.34262374,0.254841536
Seq1794,24,0.400250167,0.353869051,0.245880812
Seq1795,13,0.265900195,0.414990842,0.319109023
Seq1796,13,0.334395736,0.388043791,0.277560413
Seq1797,29,0.333688587,0.369473994,0.29683736
Seq1798,62,0.535784781,0.183020279,0.281194896
Seq1799,13,0.272485942,0.444339722,0.283174366
Seq1800,24,0.17258288,0.493538409,0.333878756
Seq1801,45,0.703052223,0.28803739,0.008910386
Seq1802,20,0.305572629,0.363453716,0.330973595
Seq1803,18,0.316886097,0.430143297,0.252970606
Seq1804,25,0.378130883,0.418128312,0.203740835
Seq1805,33,0.369764507,0.394874543,0.23536098
Seq1806,36,0.454735368,0.406186134,0.139078528
Seq1807,79,1.49E-05,5.95E-06,0.999979138
Seq1808,33,0.395941436,0.365206718,0.238851771
Seq1809,24,0.369748205,0.423189133,0.207062662
Seq1810,16,0.27589941,0.452211231,0.271889389
Seq1811,26,0.63656503,0.166409522,0.197025418
Seq1812,33,0.423724681,0.373832047,0.202443242
Seq1813,40,0.434553862,0.319924593,0.245521501
Seq1814,52,0.392078757,0.365561634,0.242359608
Seq1815,14,0.247658089,0.441507906,0.310833991
Seq1816,18,0.353876114,0.413349479,0.232774377
Seq1817,13,0.231715381,0.476698905,0.291585684
Seq1818,17,0.321231902,0.438327909,0.240440235
Seq1819,40,0.440027595,0.318943858,0.241028517
Seq1820,130,0.429975361,0.374706388,0.195318282
Seq1821,43,0.349051416,0.409753263,0.24119541
Seq1822,76,0.500458777,0.274594426,0.224946752
Seq1823,36,0.428792745,0.324186206,0.247021005
Seq1824,20,0.31180197,0.396596014,0.291601986
Seq1825,17,0.251238585,0.451715708,0.297045767
Seq1826,17,0.311494589,0.442301631,0.246203825
Seq1827,20,0.415360808,0.377910405,0.206728742
Seq1828,33,0.392938197,0.361082524,0.245979324
Seq1829,26,0.407900214,0.326553881,0.265545905
Seq1830,33,0.405438513,0.401008159,0.193553358
Seq1831,53,0.395058781,0.371861041,0.233080149
Seq1832,24,0.391092867,0.373952448,0.234954715
Seq1833,14,0.33124724,0.401531905,0.267220855
Seq1834,74,0.463008642,0.355646193,0.18134515
Seq1835,128,0.446036756,0.391295105,0.162668064
Seq1836,38,0.380049378,0.385167897,0.234782726
Seq1837,30,0.507415414,0.294816285,0.197768271
Seq1838,24,0.348326504,0.32656157,0.325111866
Seq1839,17,0.238798201,0.377953172,0.383248597
Seq1840,66,0.461917847,0.487244964,0.05083723
Seq1841,22,0.304194897,0.370026201,0.325778902
Seq1842,14,0.323418498,0.360707104,0.315874368
Seq1843,44,0.389065027,0.358370334,0.252564609
Seq1844,75,0.580627203,0.283909142,0.135463655
Seq1845,19,0.19926843,0.143571883,0.657159686
Seq1846,17,0.349531829,0.389149725,0.261318386
Seq1847,13,0.339893878,0.279790729,0.380315423
Seq1848,70,0.439147472,0.428091437,0.132761121
Seq1849,61,0.393330991,0.385616511,0.221052483
Seq1850,20,0.368645519,0.392044365,0.23931013
Seq1851,17,0.368219048,0.345101863,0.286679059
Seq1852,14,0.274757147,0.458735257,0.266507626
Seq1853,37,0.401082188,0.296625435,0.302292436
Seq1854,27,0.368558168,0.131003007,0.50043875
Seq1855,17,0.364332765,0.350780338,0.284886956
Seq1856,35,0.432807803,0.373949945,0.193242192
Seq1857,44,0.390381843,0.307972193,0.301645994
Seq1858,26,0.368996412,0.346990556,0.284013003
Seq1859,53,0.495005995,0.390404373,0.114589639
Seq1860,13,0.25072816,0.395228773,0.354043096
Seq1861,33,0.405930996,0.372297287,0.221771732
Seq1862,55,0.470913798,0.308325231,0.220760927
Seq1863,52,0.466581434,0.407748669,0.125669956
Seq1864,59,0.426968724,0.432081699,0.140949562
Seq1865,43,0.390580446,0.357630789,0.251788735
Seq1866,68,0.466856211,0.364944667,0.168199107
Seq1867,13,0.3167395,0.346823394,0.336437106
Seq1868,34,0.41319716,0.3286331,0.2581698
Seq1869,13,0.295119137,0.374555498,0.330325335
Seq1870,28,0.456751674,0.40952906,0.133719251
Seq1871,33,0.39799282,0.315395355,0.286611766
Seq1872,28,0.41147992,0.326632589,0.261887521
Seq1873,38,0.359359056,0.359849989,0.280790925
Seq1874,33,0.401417077,0.368548781,0.230034068
Seq1875,13,0.322111517,0.387019604,0.290868878
Seq1876,48,0.448847711,0.37343505,0.177717283
Seq1877,60,0.507152021,0.264220297,0.228627682
Seq1878,29,0.457273185,0.38994956,0.152777284
Seq1879,31,0.400784016,0.35802263,0.241193339
Seq1880,37,0.438254803,0.337117881,0.224627346
Seq1881,17,0.343208134,0.432876229,0.223915711
Seq1882,23,0.37692669,0.395045996,0.228027359
Seq1883,14,0.23005183,0.482550472,0.287397742
Seq1884,19,0.388700366,0.355637163,0.255662441
Seq1885,25,0.355499953,0.355694771,0.288805276
Seq1886,37,0.442297995,0.373961806,0.183740169
Seq1887,43,0.395645559,0.335920393,0.268434048
Seq1888,48,0.36657992,0.365990549,0.267429501
Seq1889,71,0.433640093,0.353008449,0.213351503
Seq1890,48,0.430156976,0.415483415,0.154359579
Seq1891,76,0.824688137,0.150288761,0.025023136
Seq1892,20,0.358927608,0.35584563,0.285226762
Seq1893,41,0.39737913,0.384549797,0.218071073
Seq1894,24,0.409479052,0.508727968,0.081792958
Seq1895,19,0.355830401,0.364117473,0.280052185
Seq1896,19,0.303156137,0.348643035,0.348200828
Seq1897,17,0.293526113,0.450121373,0.256352454
Seq1898,19,0.376861483,0.390365779,0.232772723
Seq1899,42,0.391484439,0.400812924,0.207702681
Seq1900,51,0.438455522,0.38836804,0.173176512
Seq1901,40,0.378466725,0.367468178,0.254065126
Seq1902,13,0.32562995,0.373301536,0.301068574
Seq1903,32,0.370741457,0.390948415,0.238310128
Seq1904,95,0.547663748,0.392920524,0.059415758
Seq1905,40,0.374540299,0.372361541,0.25309819
Seq1906,50,0.387518406,0.377745569,0.234735981
Seq1907,33,0.41783759,0.386844844,0.195317492
Seq1908,56,0.483914405,0.374588788,0.141496763
Seq1909,21,0.358296454,0.377683908,0.264019638
Seq1910,17,0.303575695,0.365203142,0.331221133
Seq1911,28,0.418409258,0.35953173,0.222059011
Seq1912,30,0.390372276,0.424615473,0.185012206
Seq1913,43,0.476721883,0.39348802,0.129790053
Seq1914,17,0.350154817,0.362199485,0.287645757
Seq1915,16,0.195218831,0.465847135,0.338934094
Seq1916,46,0.357058704,0.371280581,0.271660656
Seq1917,42,0.377826363,0.396673262,0.22550045
Seq1918,22,0.37243858,0.331865638,0.295695722
Seq1919,16,0.154920816,0.410322845,0.434756339
Seq1920,30,0.345282137,0.449864447,0.204853475
Seq1921,15,0.338665605,0.392006695,0.269327641
Seq1922,40,0.373188347,0.354936421,0.271875232
Seq1923,38,0.268610507,0.484548539,0.246840984
Seq1924,76,0.487324953,0.310741603,0.201933473
Seq1925,29,0.373375028,0.379265755,0.247359306
Seq1926,103,0.47427541,0.375824928,0.149899662
Seq1927,46,0.476804256,0.377446294,0.14574942
Seq1928,58,0.517735302,0.413104981,0.069159716
Seq1929,29,0.402042657,0.374775946,0.223181382
Seq1930,66,0.305954993,0.338282138,0.355762869
Seq1931,46,0.452133834,0.37292248,0.174943686
Seq1932,22,0.285107166,0.471089363,0.243803486
Seq1933,25,0.293069601,0.381289512,0.325640857
Seq1934,18,0.350651443,0.376867294,0.272481233
Seq1935,18,0.38172999,0.394478202,0.223791793
Seq1936,37,0.43165639,0.337427378,0.230916291
Seq1937,19,0.347084105,0.363123596,0.289792269
Seq1938,25,0.338014841,0.384627342,0.277357787
Seq1939,13,0.380497426,0.407921731,0.211580783
Seq1940,46,0.367375851,0.394324034,0.2383001
Seq1941,20,0.416779429,0.370464951,0.212755591
Seq1942,16,0.279279858,0.386492789,0.334227383
Seq1943,14,0.374875546,0.34695214,0.278172344
Seq1944,121,0.521678448,0.409315825,0.069005728
Seq1945,21,0.383521616,0.394163132,0.222315267
Seq1946,37,0.439442188,0.367981941,0.192575857
Seq1947,24,0.388262659,0.341022462,0.270714909
Seq1948,24,0.384967029,0.373505533,0.241527438
Seq1949,31,0.301727146,0.407543331,0.290729523
Seq1950,26,0.388629794,0.420859307,0.190510869
Seq1951,37,0.44944939,0.347885102,0.202665538
Seq1952,46,0.457267553,0.361764699,0.180967703
Seq1953,47,0.394692123,0.353113055,0.252194822
Seq1954,30,0.334778696,0.446295887,0.218925431
Seq1955,14,0.43104735,0.296678156,0.272274494
Seq1956,40,0.424241394,0.400707603,0.175051063
Seq1957,136,0.502593756,0.441657364,0.055748951
Seq1958,22,0.354748279,0.363063753,0.282187998
Seq1959,80,0.442818701,0.392226726,0.164954573
Seq1960,73,0.432923049,0.41823414,0.148842737
Seq1961,41,0.289699435,0.401579469,0.308721095
Seq1962,37,0.469149023,0.341326386,0.189524531
Seq1963,28,0.588499844,0.234690636,0.176809534
Seq1964,17,0.333746552,0.34000501,0.326248437
Seq1965,41,0.331215531,0.370745599,0.29803884
Seq1966,23,0.348096907,0.31266275,0.339240283
Seq1967,22,0.364946127,0.364145041,0.270908773
Seq1968,45,0.42715475,0.431413591,0.141431585
Seq1969,14,0.374523133,0.380390733,0.245086148
Seq1970,120,0.526720881,0.470681041,0.002598125
Seq1971,25,0.335265428,0.399876505,0.264858067
Seq1972,41,0.42556107,0.360275209,0.214163691
Seq1973,40,0.402472377,0.308111787,0.289415866
Seq1974,57,0.360788375,0.390635669,0.248575941
Seq1975,24,0.360481173,0.380066127,0.259452701
Seq1976,36,0.086582661,0.044003237,0.869414091
Seq1977,20,0.35698396,0.387593359,0.255422711
Seq1978,18,0.423833817,0.408051789,0.168114379
Seq1979,28,0.356551349,0.35749808,0.285950512
Seq1980,21,0.287767619,0.427348316,0.284884036
Seq1981,13,0.27712974,0.4003793,0.322490871
Seq1982,37,0.43197304,0.341867983,0.226159006
Seq1983,14,0.380131692,0.374689639,0.24517861
Seq1984,62,0.310157657,0.417681813,0.27216053
Seq1985,47,0.566641569,0.347055674,0.086302802
Seq1986,36,0.474810481,0.401434273,0.123755194
Seq1987,20,0.299533248,0.390803427,0.309663326
Seq1988,24,0.406102329,0.369868785,0.224028885
Seq1989,52,0.437443912,0.366066068,0.196490049
Seq1990,32,0.342087567,0.353556156,0.304356277
Seq1991,43,0.337328255,0.433416843,0.229254946
Seq1992,17,0.286629051,0.322358578,0.391012371
Seq1993,24,0.358223289,0.331037223,0.310739517
Seq1994,19,0.348108411,0.344839931,0.307051629
Seq1995,27,0.402060091,0.369968355,0.227971613
Seq1996,17,0.35318014,0.358816177,0.288003594
Seq1997,29,0.385071844,0.396737665,0.218190461
Seq1998,83,0.536880374,0.29844898,0.164670676
Seq1999,17,0.35617128,0.328264415,0.315564275
Seq2000,30,0.28595832,0.427763671,0.28627798
Seq2001,20,0.388805032,0.340922683,0.270272255
Seq2002,27,0.372366697,0.396152705,0.231480658
Seq2003,43,0.379589587,0.299178571,0.321231842
Seq2004,17,0.247344926,0.435504436,0.317150593
Seq2005,41,0.306566566,0.340361327,0.353072077
Seq2006,33,0.457051992,0.32938838,0.213559657
Seq2007,20,0.27044183,0.474899024,0.254659146
Seq2008,22,0.413577765,0.380981386,0.20544076
Seq2009,13,0.138151705,0.192796469,0.669051826
Seq2010,40,0.474133462,0.292007476,0.233859047
Seq2011,22,0.412062526,0.308976173,0.278961331
Seq2012,37,0.511017025,0.361547589,0.127435446
Seq2013,18,0.379379392,0.334095418,0.28652516
Seq2014,25,0.30789423,0.330142587,0.361963212
Seq2015,21,0.311799437,0.402247131,0.285953403
Seq2016,17,0.208753735,0.482829154,0.308417112
Seq2017,54,0.558116734,0.274499863,0.167383358
Seq2018,21,0.364240974,0.404858023,0.230900973
Seq2019,45,0.47407192,0.361325502,0.164602622
Seq2020,44,0.326731265,0.376808643,0.296460122
Seq2021,34,0.459829509,0.344479918,0.195690557
Seq2022,75,0.551095903,0.345229149,0.103674926
Seq2023,39,0.465756923,0.414672703,0.119570456
Seq2024,20,0.40087235,0.372857273,0.226270452
Seq2025,19,0.266742289,0.362202823,0.371054798
Seq2026,15,0.187014207,0.46686402,0.346121788
Seq2027,91,0.40049845,0.227456316,0.372045308
Seq2028,76,0.479632974,0.40655601,0.113811009
Seq2029,19,0.327770919,0.403126985,0.269102067
Seq2030,33,0.426342875,0.386785299,0.186871842
Seq2031,74,0.486022204,0.300867021,0.213110775
Seq2032,24,0.400819242,0.347351402,0.251829296
Seq2033,33,0.418169588,0.368397057,0.213433415
Seq2034,60,0.445444256,0.36887762,0.18567811
Seq2035,32,0.417048514,0.348645896,0.23430559
Seq2036,42,0.394091338,0.377293497,0.228615135
Seq2037,37,0.441741049,0.370538145,0.187720835
Seq2038,24,0.389462143,0.354772657,0.25576514
Seq2039,17,0.399753422,0.343068331,0.257178247
Seq2040,20,0.37903145,0.430425942,0.190542668
Seq2041,81,0.620420456,0.351131111,0.028448498
Seq2042,24,0.354516625,0.410995066,0.234488323
Seq2043,18,0.349575788,0.427918851,0.222505376
Seq2044,26,0.354743809,0.409447104,0.235809058
Seq2045,14,0.302139312,0.454738587,0.243122101
Seq2046,42,0.454423994,0.369458705,0.176117241
Seq2047,78,0.440999568,0.385746598,0.173253894
Seq2048,14,0.307575077,0.374196023,0.31822899
Seq2049,21,0.265108913,0.487971067,0.246920064
Seq2050,21,0.399311095,0.370625436,0.230063424
Seq2051,14,0.245692432,0.436267436,0.318040162
Seq2052,20,0.35107249,0.371923774,0.277003795
Seq2053,31,0.378218353,0.381618559,0.240163118
Seq2054,38,0.369147122,0.462104082,0.168748736
Seq2055,33,0.441367835,0.342335761,0.216296375
Seq2056,95,0.457459867,0.359715462,0.182824671
Seq2057,24,0.424717635,0.330063343,0.245219037
Seq2058,40,0.46818158,0.285389483,0.246428862
Seq2059,37,0.441697717,0.346183151,0.212119237
Seq2060,17,0.320081204,0.382561982,0.297356844
Seq2061,45,0.381244332,0.423716843,0.19503881
Seq2062,30,0.362586498,0.374332726,0.263080776
Seq2063,11,0.31571573,0.078321487,0.605962873
Seq2064,14,0.319441497,0.386487007,0.294071436
Seq2065,33,0.387194991,0.347137243,0.265667766
Seq2066,24,0.409907758,0.348554552,0.241537645
Seq2067,13,0.295958459,0.416321367,0.287720203
Seq2068,69,0.523875177,0.437754124,0.038370728
Seq2069,21,0.366882294,0.375211716,0.25790599
Seq2070,25,0.327082783,0.351205766,0.321711421
Seq2071,13,0.330890238,0.387063682,0.282046109
Seq2072,67,0.543111086,0.376852334,0.080036536
Seq2073,14,0.345855147,0.375205815,0.278939009
Seq2074,28,0.384965658,0.36663875,0.248395607
Seq2075,76,0.497704357,0.366144031,0.136151507
Seq2076,87,0.481672406,0.42357704,0.094750591
Seq2077,20,0.39872086,0.402340055,0.198939145
Seq2078,82,0.394765764,0.30419454,0.301039696
Seq2079,25,0.370116949,0.35506475,0.274818331
Seq2080,76,0.453606039,0.428515911,0.117878087
Seq2081,75,0.472730011,0.422060251,0.105209745
Seq2082,24,0.421746492,0.349664479,0.228588983
Seq2083,39,0.460983455,0.326319516,0.212697089
Seq2084,29,0.479270756,0.338603288,0.182125971
Seq2085,23,0.377580345,0.374405265,0.248014405
Seq2086,19,0.31511423,0.343813717,0.341072053
Seq2087,20,0.247789785,0.398358196,0.353851974
Seq2088,29,0.360426873,0.326863974,0.312709212
Seq2089,24,0.413263708,0.343959659,0.242776573
Seq2090,32,0.385558397,0.340130001,0.274311572
Seq2091,17,0.347969353,0.356546938,0.295483738
Seq2092,32,0.393000007,0.338885009,0.268114954
Seq2093,28,0.397565037,0.364019871,0.238415122
Seq2094,12,0.343751252,0.39069286,0.265555829
Seq2095,29,0.31526354,0.391523391,0.29321304
Seq2096,12,0.217473298,0.406195343,0.376331359
Seq2097,108,0.562536478,0.36406523,0.073398329
Seq2098,33,0.362594455,0.401758194,0.23564744
Seq2099,87,0.431567818,0.386075169,0.182356969
Seq2100,32,0.317637324,0.434054106,0.248308614
Seq2101,37,0.466611713,0.387777388,0.145610929
Seq2102,17,0.353585303,0.378163129,0.268251628
Seq2103,42,0.394587845,0.426134765,0.179277316
Seq2104,41,0.367599845,0.380396396,0.2520037
Seq2105,35,0.267263025,0.408438742,0.324298173
Seq2106,25,0.351580143,0.389184147,0.25923577
Seq2107,44,0.35165453,0.318386763,0.329958677
Seq2108,20,0.38375631,0.434662312,0.181581378
Seq2109,46,0.361886472,0.347583622,0.290529907
Seq2110,58,0.398493856,0.34867397,0.252832144
Seq2111,20,0.345073402,0.378087968,0.27683863
Seq2112,34,0.240972131,0.411562383,0.347465485
Seq2113,28,0.428563952,0.364590049,0.206845984
Seq2114,42,0.095097259,0.06214473,0.84275794
Seq2115,16,0.350039452,0.378515363,0.271445185
Seq2116,24,0.41128394,0.365977734,0.222738311
Seq2117,21,0.361178964,0.363447934,0.275373101
Seq2118,45,0.395854563,0.399949849,0.204195589
Seq2119,26,0.417368203,0.434222728,0.148409128
Seq2120,34,0.386271238,0.430261403,0.183467314
Seq2121,29,0.394239753,0.343393385,0.262366891
Seq2122,33,0.367286831,0.331861615,0.300851583
Seq2123,15,0.286280066,0.430145055,0.283574939
Seq2124,37,0.397724539,0.342958987,0.259316474
Seq2125,28,0.392807603,0.382342517,0.22484988
Seq2126,32,0.285268366,0.444079995,0.270651639
Seq2127,26,0.316770196,0.406011164,0.27721858
Seq2128,43,0.337240636,0.290587693,0.372171611
Seq2129,53,0.445558101,0.419905424,0.134536475
Seq2130,24,0.389685482,0.339579284,0.270735234
Seq2131,46,0.457953155,0.365050554,0.176996335
Seq2132,40,0.396914989,0.368026048,0.235058933
